"","Sno","Date","Wd.Direction","moonphase","Year","Area","Location","Time","Attack","time.o.attack","DailyPrecipitation","DailyAverageWdSpeed","DailyAverageDewPotTemp","DailyAverageTemperature","County","DailyAverageDewPotTemp_imputed","DailyPrecipitation_imputed","DailyPrecipitation_normalized","DailyAverageDewPotTemp_normalized","DailyAverageWdSpeed_normalized","DailyAverageTemperature_normalized","binned.DailyAverageTemperature","binned.DailyAverageDewPotTemp","binned.DailyAverageWdSpeed","binned.DailyPrecipitation"
"1",1,"7/22/2009","ESE","New",2009,"North Carolina","Holden Beach, Brunswick County","15h00","Yes","Day",0.31,6.8,71,79,"Brunswick",71,0.31,0.189635771381145,-0.117966983252927,0.704116334458813,0.387993133876894,"Low","High","High","High"
"2",2,"9/12/2009","SSW","Third quarter",2009,"North Carolina","Corolla, Currituck County","21h00","Yes","Dusk",0,5.2,66,70,"Currituck",66,0,-0.376415945780729,-0.923820284439029,0.229806067011121,-1.3979029402709,"Medium","High","High","High"
"3",3,"6/25/2010","SW","Full",2010,"North Carolina","Topsail Island, Pender County","13h00","Yes","Day",0,8.4,76,80,"Pender",76,0,-0.376415945780729,0.687886317933175,1.17842660190651,0.586426031004426,"Low","Low","Medium","High"
"4",4,"6/25/2010","SW","Full",2010,"South Carolina","Fripp Island, Beaufort County",NA,"Yes","Dawn",0,11.4,77,86,"Beaufort",77,0,-0.376415945780729,0.849056978170396,2.06775835337093,1.77702341376962,"Low","Low","Medium","High"
"5",5,"7/17/2010","SW","First quarter",2010,"North Carolina","Wrightsville Beach, New Hanover County","13h30","Yes","Day",1,15.2,77,76,"New Hanover",77,1,1.44955733538661,0.849056978170396,3.1942452385592,-0.207305557505703,"High","Low","Medium","Low"
"6",6,"7/19/2010","SW","First quarter",2010,"South Carolina","Myrtle Beach, Horry County","10h35","Yes","Day",0,14.8,76,84,"Horry",76,0,-0.376415945780729,0.687886317933175,3.07566767169727,1.38015761951455,"Low","Low","Medium","High"
"7",7,"7/25/2010","SW","Full",2010,"South Carolina","Isle of Palms, Charleston County",NA,"Yes","Dawn",0,13,79,86,"Charleston",79,0,-0.376415945780729,1.17139829864484,2.54206862081862,1.77702341376962,"Low","Low","Medium","High"
"8",8,"8/7/2010","E","New",2010,"North Carolina","Figure Eight Island, Wilmington, New Hanover County","15h00","Yes","Day",0,5.8,76,81,"New Hanover",76,0,-0.376415945780729,0.687886317933175,0.407672417304005,0.784858928131958,"Low","Low","High","High"
"9",9,"7/19/2011","SSW","Waning gibbous",2011,"North Carolina","Ocracoke Island, Hyde County","17h30","Yes","Evening",0,9.2,NA,82,"Hyde",76.8,0,-0.376415945780729,0.816822846122951,1.41558173563035,0.98329182525949,"Low","Low","Medium","High"
"10",10,"8/11/2011","SSE","Full",2011,"North Carolina","Beaufort County","14h00","Yes","Day",0,6,NA,83,"Beaufort",79.9,0,-0.376415945780729,1.31645189285834,0.466961200734967,1.18172472238702,"Low","Low","High","High"
"11",11,"8/15/2011","SSW","Full",2011,"South Carolina","Myrtle Beach, Horry County",NA,"Yes","Dawn",0,3.8,NA,78,"Horry",72.1,0,-0.376415945780729,0.0593207430080148,-0.18521541700561,0.189560236749362,"High","High","High","High"
"12",12,"8/17/2011","E","Waning gibbous",2011,"North Carolina","Wrightsville Beach, New Hanover County","16h00","Yes","Evening",0,5.8,NA,80,"New Hanover",70.5,0,-0.376415945780729,-0.198552313371537,0.407672417304005,0.586426031004426,"Low","High","High","High"
"13",13,"8/17/2011","E","Waning gibbous",2011,"North Carolina","Kure Beach, New Hanover County","17h00","Yes","Evening",0,5.8,NA,80,"New Hanover",74,0,-0.376415945780729,0.365544997458734,0.407672417304005,0.586426031004426,"Low","Low","High","High"
"14",14,"8/24/2011","SE","New",2011,"North Carolina","Buxton Beach, Dare County",NA,"Yes","0",0.01,6.6,NA,80,"Dare",74,0.01,-0.358156212969056,0.365544997458734,0.644827551027851,0.586426031004426,"Low","Low","High","High"
"15",15,"8/24/2011","SE","New",2011,"North Carolina","Holden Beach. Brunswick County","15h30","Yes","Day",0.01,6.6,NA,80,"Brunswick",75.4,0.01,-0.358156212969056,0.591183921790844,0.644827551027851,0.586426031004426,"Low","Low","High","High"
"16",16,"9/24/2011","E","New",2011,"South Carolina","North Myrtle Beach, Horry County","10h00","Yes","Day",0.07,4.7,NA,78,"Horry",74.4,0.07,-0.248597816099016,0.430013261553624,0.0815841084337167,0.189560236749362,"High","Low","High","High"
"17",17,"5/31/2012","SSW","Full",2012,"North Carolina","Avon, Hatteras Island, Outer Banks, Dare County","13h30","Yes","Day",0,8.8,69,78,"Dare",69,0,-0.376415945780729,-0.440308303727367,1.29700416876843,0.189560236749362,"High","High","Medium","High"
"18",18,"6/2/2012","SSE","Full",2012,"South Carolina","Myrtle Beach, Horry County","19h45","Yes","Evening",0,4.9,62,72,"Horry",62,0,-0.376415945780729,-1.56850292538791,0.140872891864678,-1.00103714601583,"High","Medium","High","High"
"19",19,"6/14/2012","NNE","New",2012,"South Carolina","Myrtle Beach, Horry County","13h20","Yes","Day",0.08,9,61,75,"Horry",61,0.08,-0.230338083287342,-1.72967358562513,1.35629295219939,-0.405738454633235,"High","Medium","Medium","High"
"20",20,"6/14/2012","NNE","New",2012,"South Carolina","Myrtle Beach, Horry County","Afternoon","Yes","FALSE",0.08,9,61,75,"Horry",61,0.08,-0.230338083287342,-1.72967358562513,1.35629295219939,-0.405738454633235,"High","Medium","Medium","High"
"21",21,"6/14/2012","NNE","New",2012,"South Carolina","Myrtle Beach, Horry County","Afternoon","Yes","FALSE",0.08,9,61,75,"Horry",61,0.08,-0.230338083287342,-1.72967358562513,1.35629295219939,-0.405738454633235,"High","Medium","Medium","High"
"22",22,"6/14/2012","NNE","New",2012,"South Carolina","Myrtle Beach, Horry County","Afternoon","Yes","FALSE",0.08,9,61,75,"Horry",61,0.08,-0.230338083287342,-1.72967358562513,1.35629295219939,-0.405738454633235,"High","Medium","Medium","High"
"23",23,"6/18/2012","SE","New",2012,"North Carolina","Ocean Isle, Brunswick County","11h00","Yes","Day",0,4,60,72,"Brunswick",60,0,-0.376415945780729,-1.89084424586235,-0.125926633574649,-1.00103714601583,"High","Medium","High","High"
"24",24,"6/19/2012","S","New",2012,"South Carolina","Myrtle Beach, Horry County",NA,"Yes","Dawn",0,5.2,65,73,"Horry",65,0,-0.376415945780729,-1.08499094467625,0.229806067011121,-0.802604248888299,"High","High","High","High"
"25",25,"7/8/2012","SE","Waning gibbous",2012,"North Carolina","North Topsail Beach, Onslow County","17h30","Yes","Evening",0,12.7,77,84,"Onslow",77,0,-0.376415945780729,0.849056978170396,2.45313544567218,1.38015761951455,"Low","Low","Medium","High"
"26",26,"7/24/2012","WSW","First quarter",2012,"North Carolina","Ocean Isle, Brunswick County","11h45","Yes","Day",0.01,12,74,83,"Brunswick",74,0.01,-0.358156212969056,0.365544997458734,2.24562470366381,1.18172472238702,"Low","Low","Medium","High"
"27",27,"6/14/2013","NE","First quarter",2013,"South Carolina","Myrtle Beach, Horry County","Afternoon","Yes","FALSE",0.01,5.9,62,74,"Horry",62,0.01,-0.358156212969056,-1.56850292538791,0.437316809019486,-0.604171351760767,"High","Medium","High","High"
"28",28,"6/25/2013","SSW","Full",2013,"South Carolina","Kiawah Island, Charleston County","12h45","Yes","Day",0,10.4,74,80,"Charleston",74,0,-0.376415945780729,0.365544997458734,1.77131443621612,0.586426031004426,"Low","Low","Medium","High"
"29",29,"7/11/2013","SSW","New",2013,"North Carolina","Holden Beach. Brunswick County","15h20","Yes","Day",0.12,9.9,73,78,"Brunswick",73,0.12,-0.157299152040649,0.204374337221514,1.62309247763872,0.189560236749362,"High","High","Medium","High"
"30",30,"7/30/2013","SE","Third quarter",2013,"South Carolina","Isle of Palms, Charleston County",NA,"Yes","Dawn",0.01,3.5,74,78,"Charleston",74,0.01,-0.358156212969056,0.365544997458734,-0.274148592152052,0.189560236749362,"High","Low","High","High"
"31",31,"8/11/2013","SSW","Waxing crescent",2013,"South Carolina","Folly Beach, Charleston County","17h30","Yes","Evening",0,9.2,76,84,"Charleston",76,0,-0.376415945780729,0.687886317933175,1.41558173563035,1.38015761951455,"Low","Low","Medium","High"
"32",32,"9/8/2013","SSW","New",2013,"South Carolina","St. Helena Island, Beaufort County",NA,"Yes","Dawn",0,5.7,68,74,"Beaufort",68,0,-0.376415945780729,-0.601478963964588,0.378028025588524,-0.604171351760767,"High","High","High","High"
"33",33,"5/6/2014","SW","First quarter",2014,"South Carolina","Coligny Beach, Hilton Head, Beaufort County","15h00","Yes","Day",0,7.9,60,76,"Beaufort",60,0,-0.376415945780729,-1.89084424586235,1.0302046433291,-0.207305557505703,"High","Medium","Medium","High"
"34",34,"7/3/2014","ESE","First quarter",2014,"South Carolina","Isle of Palms, Charleston County","18h15-18h30","Yes","Evening",2.25,12.5,72,76,"Charleston",72,2.25,3.73202393684578,0.0432036769842937,2.39384666224122,-0.207305557505703,"High","High","Medium","Medium"
"35",35,"7/12/2014","SSE","Full",2014,"North Carolina","Masonboro Island, New Hanover County",NA,"Yes","0",0,4.9,71,79,"New Hanover",71,0,-0.376415945780729,-0.117966983252927,0.140872891864678,0.387993133876894,"Low","High","High","High"
"36",36,"7/27/2014","WSW","New",2014,"North Carolina","Sunset Beach, Brunswick County",NA,"Yes","0",0,9.3,78,82,"Brunswick",78,0,-0.376415945780729,1.01022763840762,1.44522612734583,0.98329182525949,"Low","Low","Medium","High"
"37",37,"8/6/2014","SSW","Full",2014,"South Carolina","Folly Beach, Charleston County","14h00","Yes","Day",0,6.6,74,80,"Charleston",74,0,-0.376415945780729,0.365544997458734,0.644827551027851,0.586426031004426,"Low","Low","High","High"
"38",38,"8/24/2014","NE","New",2014,"North Carolina","Off Masonboro Island, New Hanover County",NA,"Yes","0",0.01,12.9,66,76,"New Hanover",66,0.01,-0.358156212969056,-0.923820284439029,2.51242422910314,-0.207305557505703,"High","High","Medium","High"
"39",39,"8/27/2014","E","New",2014,"North Carolina","Figure Eight Island,  New Hanover County",NA,"Yes","0",0,10.6,72,78,"New Hanover",72,0,-0.376415945780729,0.0432036769842937,1.83060321964708,0.189560236749362,"High","High","Medium","High"
"40",40,"8/27/2014","E","New",2014,"South Carolina","Surfside Beach, Horry  County","15h00","Yes","Day",0,5.9,65,77,"Horry",65,0,-0.376415945780729,-1.08499094467625,0.437316809019486,-0.00887266037817056,"High","High","High","High"
"41",41,"5/15/2015","E","New",2015,"South Carolina","Sullivan's Island, Charleston County","14h15","Yes","Day",0.52,12.1,70,76,"Charleston",70,0.52,0.573090160426286,-0.279137643490147,2.27526909537929,-0.207305557505703,"High","High","Medium","Low"
"42",42,"6/11/2015","S","New",2015,"North Carolina","Ocean Isle, Brunswick County","12h45","Yes","Day",0,9.7,73,79,"Brunswick",73,0,-0.376415945780729,0.204374337221514,1.56380369420775,0.387993133876894,"Low","High","Medium","High"
"43",43,"6/14/2015","SSW","New",2015,"North Carolina","Oak Island, Brunswick County","16h12","Yes","Evening",0,3.5,76,82,"Brunswick",76,0,-0.376415945780729,0.687886317933175,-0.274148592152052,0.98329182525949,"Low","Low","High","High"
"44",44,"6/14/2015","SSW","New",2015,"North Carolina","Oak Island, Brunswick County","17h51","Yes","Evening",0,3.5,76,82,"Brunswick",76,0,-0.376415945780729,0.687886317933175,-0.274148592152052,0.98329182525949,"Low","Low","High","High"
"45",45,"6/23/2015","SW","First quarter",2015,"South Carolina","St. Helena Island, Beaufort County",NA,"Yes","Dawn",0,8.8,71,79,"Beaufort",71,0,-0.376415945780729,-0.117966983252927,1.29700416876843,0.387993133876894,"Low","High","Medium","High"
"46",46,"6/24/2015","SW","First quarter",2015,"North Carolina","Surf City, Pender County","12h25","Yes","Day",0.3,9.7,74,80,"Pender",74,0.3,0.171376038569472,0.365544997458734,1.56380369420775,0.586426031004426,"Low","Low","Medium","High"
"47",47,"6/25/2015","SSW","Waxing gibbous",2015,"North Carolina","Avon, Hatteras Island, Outer Banks, Dare County","11h41","Yes","Day",0,10.4,71,80,"Dare",71,0,-0.376415945780729,-0.117966983252927,1.77131443621612,0.586426031004426,"Low","High","Medium","High"
"48",48,"6/26/2015","SSW","Full",2015,"South Carolina","South Beach, Hunting Island State Park, Beaufort County","11h00","Yes","Day",0,8.9,74,83,"Beaufort",74,0,-0.376415945780729,0.365544997458734,1.32664856048391,1.18172472238702,"Low","Low","Medium","High"
"49",49,"6/27/2015","SW","Full",2015,"North Carolina","Rodanthe, Dare County","16h00","Yes","Evening",0.05,16.6,74,80,"Dare",74,0.05,-0.285117281722363,0.365544997458734,3.60926672257593,0.586426031004426,"Low","Low","Medium","High"
"50",50,"6/30/2015","SSW","Full",2015,"South Carolina","Isle of Palms County Park, Isle of Palms, Charleston County","18h05","Yes","Evening",0,5.3,67,76,"Charleston",67,0,-0.376415945780729,-0.762649624201808,0.259450458726601,-0.207305557505703,"High","High","High","High"
"51",51,"7/1/2015","SW","Full",2015,"North Carolina","Ocracoke, Lifeguard Beach, National Park Service, Hyde County","12h10","Yes","Day",0.15,13.6,73,77,"Hyde",73,0.15,-0.102519953605629,0.204374337221514,2.7199349711115,-0.00887266037817056,"High","High","Medium","High"
"52",52,"7/4/2015","SW","Waning gibbous",2015,"North Carolina","Off Surf City, Pender County","Evening","Yes","Evening",0,14.4,72,80,"Pender",72,0,-0.376415945780729,0.0432036769842937,2.95709010483535,0.586426031004426,"Low","High","Medium","High"
"53",53,"7/26/2015","E","Full",2015,"South Carolina","Edisto Beach, Colleton County","10h10","Yes","Day",0,6.7,73,80,"Colleton",73,0,-0.376415945780729,0.204374337221514,0.674471942743332,0.586426031004426,"Low","High","High","High"
"54",54,"8/20/2015","SW","First quarter",2015,"South Carolina","Murrells Inlet, Georgetown County","12h30","Yes","Day",0.06,4.5,75,80,"Georgetown",75,0.06,-0.266857548910689,0.526715657695955,0.0222953250027552,0.586426031004426,"Low","Low","High","High"
"55",55,"9/3/2015","SW","Waning gibbous",2015,"South Carolina","Myrtle Beach, Horry County","16h00","Yes","Evening",0,8.8,74,81,"Horry",74,0,-0.376415945780729,0.365544997458734,1.29700416876843,0.784858928131958,"Low","Low","Medium","High"
"56",56,"5/1/2016","SSW","Waning crescent",2016,NA,NA,NA,"No",NA,0,3,64.5,67.2,NA,64.5,0,-0.376415945780729,-1.16557627479486,-0.422370550729456,-1.95351505222798,"Medium","Medium","High","High"
"57",57,"5/2/2016","WSW","Waning crescent",2016,NA,NA,NA,"No",NA,0,5,70.2,73.3,NA,70.2,0,-0.376415945780729,-0.246903511442702,0.170517283580159,-0.74307437975004,"High","High","High","High"
"58",58,"5/3/2016","WSW","Waning crescent",2016,NA,NA,NA,"No",NA,0.24,6,68.4,70.7,NA,68.4,0.24,0.0618176416994317,-0.537010699869699,0.466961200734967,-1.25899991228162,"Medium","High","High","High"
"59",59,"5/4/2016","W","Waning crescent",2016,NA,NA,NA,"No",NA,0.9,2,65.2,65.8,NA,65.2,0.9,1.26696000726987,-1.0527568126288,-0.718814467884264,-2.23132110820653,"Medium","High","Low","Low"
"60",60,"5/5/2016","NNE","New",2016,NA,NA,NA,"No",NA,0.12,6,54.8,56.2,NA,54.8,0.12,-0.157299152040649,-2.7289316790959,0.466961200734967,-4.13627692063084,"Medium","Medium","High","High"
"61",61,"5/6/2016","WSW","New",2016,NA,NA,NA,"No",NA,0,3,53,57.3,NA,53,0,-0.376415945780729,-3.01903886752289,-0.422370550729456,-3.91800073379055,"Medium","Medium","High","High"
"62",62,"5/7/2016","W","New",2016,NA,NA,NA,"No",NA,0,2,55.4,64.3,NA,55.4,0,-0.376415945780729,-2.63222928295356,-0.718814467884264,-2.52897045389783,"Medium","Medium","Low","High"
"63",63,"5/8/2016","W","New",2016,NA,NA,NA,"No",NA,0,4,61.7,72.6,NA,61.7,0,-0.376415945780729,-1.61685412345908,-0.125926633574649,-0.881977407739313,"High","Medium","High","High"
"64",64,"5/9/2016","SW","Waxing crescent",2016,NA,NA,NA,"No",NA,0,3,66.8,71.9,NA,66.8,0,-0.376415945780729,-0.794883756249253,-0.422370550729456,-1.02088043572858,"High","High","High","High"
"65",65,"5/10/2016","W","Waxing crescent",2016,NA,NA,NA,"No",NA,0,2,66.5,72.1,NA,66.5,0,-0.376415945780729,-0.843234954320418,-0.718814467884264,-0.981193856303079,"High","High","Low","High"
"66",66,"5/11/2016","WSW","Waxing crescent",2016,NA,NA,NA,"No",NA,0,4,69.1,74.8,NA,69.1,0,-0.376415945780729,-0.424191237703646,-0.125926633574649,-0.445425034058742,"High","High","High","High"
"67",67,"5/12/2016","N","First quarter",2016,NA,NA,NA,"No",NA,0.2,1,65.9,68.9,NA,65.9,0.2,-0.0112212895472618,-0.93993735046275,-1.01525838503907,-1.61617912711118,"Medium","High","Low","High"
"68",68,"5/13/2016","WSW","First quarter",2016,NA,NA,NA,"No",NA,1.12,4,68,71.4,NA,68,1.12,1.66867412912669,-0.601478963964588,-0.125926633574649,-1.12009688429235,"High","High","High","Low"
"69",69,"5/14/2016","NW","First quarter",2016,NA,NA,NA,"No",NA,0,0,67.6,69.5,NA,67.6,0,-0.376415945780729,-0.665947228059477,-1.31170230219388,-1.49711938883466,"Medium","High","Low","High"
"70",70,"5/15/2016","NNW","First quarter",2016,NA,NA,NA,"No",NA,0,3,43.3,63.3,NA,43.3,0,-0.376415945780729,-4.58239427182393,-0.422370550729456,-2.72740335102536,"Medium","Medium","High","High"
"71",71,"5/16/2016","SSE","Waxing gibbous",2016,NA,NA,NA,"No",NA,0,2,45.6,61.9,NA,45.6,0,-0.376415945780729,-4.21170175327832,-0.718814467884264,-3.00520940700391,"Medium","Medium","Low","High"
"72",72,"5/17/2016","SSW","Waxing gibbous",2016,NA,NA,NA,"No",NA,0.32,3,62.7,68.1,NA,62.7,0.32,0.207895504192819,-1.45568346322186,-0.422370550729456,-1.77492544481321,"Medium","Medium","High","High"
"73",73,"5/18/2016","NE","Waxing gibbous",2016,NA,NA,NA,"No",NA,0.28,5,64.6,65.4,NA,64.6,0.28,0.134856572946125,-1.14945920877114,0.170517283580159,-2.31069426705754,"Medium","Medium","High","High"
"74",74,"5/19/2016","NNE","Waxing gibbous",2016,NA,NA,NA,"No",NA,0,5,57.4,63.2,NA,57.4,0,-0.376415945780729,-2.30988796247912,0.170517283580159,-2.74724664073811,"Medium","Medium","High","High"
"75",75,"5/20/2016","ENE","Full",2016,NA,NA,NA,"No",NA,0,3,61.3,68,NA,61.3,0,-0.376415945780729,-1.68132238755396,-0.422370550729456,-1.79476873452596,"Medium","Medium","High","High"
"76",76,"5/21/2016","WSW","Full",2016,NA,NA,NA,"No",NA,0.66,5,68.6,72.1,NA,68.6,0.66,0.828726419789714,-0.504776567822256,0.170517283580159,-0.981193856303079,"High","High","High","Low"
"77",77,"5/22/2016","NNE","Full",2016,NA,NA,NA,"No",NA,0.09,3,59.8,62.8,NA,59.8,0.09,-0.212078350475669,-1.9230783779098,-0.422370550729456,-2.82661979958913,"Medium","Medium","High","High"
"78",78,"5/23/2016","NNW","Waning gibbous",2016,NA,NA,NA,"No",NA,0.08,4,56.6,63.3,NA,56.6,0.08,-0.230338083287342,-2.4388244906689,-0.125926633574649,-2.72740335102536,"Medium","Medium","High","High"
"79",79,"5/24/2016","W","Waning gibbous",2016,NA,NA,NA,"No",NA,0,5,60,68.1,NA,60,0,-0.376415945780729,-1.89084424586235,0.170517283580159,-1.77492544481321,"Medium","Medium","High","High"
"80",80,"5/25/2016","WSW","Waning gibbous",2016,NA,NA,NA,"No",NA,0,4,65.5,74.8,NA,65.5,0,-0.376415945780729,-1.00440561455764,-0.125926633574649,-0.445425034058742,"High","High","High","High"
"81",81,"5/26/2016","WSW","Waning gibbous",2016,NA,NA,NA,"No",NA,0,3,67.4,74.3,NA,67.4,0,-0.376415945780729,-0.698181360106919,-0.422370550729456,-0.544641482622508,"High","High","High","High"
"82",82,"5/27/2016","SSE","Last quarter",2016,NA,NA,NA,"No",NA,0,1,65.1,74.1,NA,65.1,0,-0.376415945780729,-1.06887387865253,-1.01525838503907,-0.584328062048015,"High","High","Low","High"
"83",83,"5/28/2016","ESE","Last quarter",2016,NA,NA,NA,"No",NA,0.01,1,70.9,75.4,NA,70.9,0.01,-0.358156212969056,-0.134084049276648,-1.01525838503907,-0.326365295782221,"High","High","Low","High"
"84",84,"5/29/2016","S","Last quarter",2016,NA,NA,NA,"No",NA,0.49,3,73.8,77.7,NA,73.8,0.49,0.518310961991266,0.33331086541129,-0.422370550729456,0.130030367611102,"High","Low","High","Low"
"85",85,"5/30/2016","SSW","Last quarter",2016,NA,NA,NA,"No",NA,3.32,1,71.2,72,NA,71.2,3.32,5.68581534769483,-0.0857328512054821,-1.01525838503907,-1.00103714601583,"High","High","Low","Medium"
"86",86,"5/31/2016","ENE","Waning crescent",2016,NA,NA,NA,"No",NA,0.26,1,71.5,72.9,NA,71.5,0.26,0.0983371073227785,-0.0373816531343165,-1.01525838503907,-0.822447538601051,"High","High","Low","High"
"87",87,"6/1/2016","SE","Waning crescent",2016,NA,NA,NA,"No",NA,0.35,2,74,77.4,NA,74,0.35,0.262674702627839,0.365544997458734,-0.718814467884264,0.0705004984728434,"High","Low","Low","High"
"88",88,"6/2/2016","N","Waning crescent",2016,NA,NA,NA,"No",NA,2.44,6,72,73.7,NA,72,2.44,4.07895886026757,0.0432036769842937,0.466961200734967,-0.663701220899026,"High","High","High","Medium"
"89",89,"6/3/2016","N","New",2016,NA,NA,NA,"No",NA,0,1,72.3,75.6,NA,72.3,0,-0.376415945780729,0.0915548750554594,-1.01525838503907,-0.286678716356717,"High","High","Low","High"
"90",90,"6/4/2016","WSW","New",2016,NA,NA,NA,"No",NA,0.34,1,74.6,78.2,NA,74.6,0.34,0.244414969816166,0.462247393601066,-1.01525838503907,0.229246816174869,"High","Low","Low","High"
"91",91,"6/5/2016","WSW","New",2016,NA,NA,NA,"No",NA,0,7,76.5,79.9,NA,76.5,0,-0.376415945780729,0.768471648051785,0.763405117889774,0.566582741291674,"Low","Low","High","High"
"92",92,"6/6/2016","WSW","New",2016,NA,NA,NA,"No",NA,0.02,5,74.2,76.2,NA,74.2,0.02,-0.339896480157383,0.397779129506179,0.170517283580159,-0.167618978080196,"High","Low","High","High"
"93",93,"6/7/2016","SW","Waxing crescent",2016,"South Carolina","Folly Beach, Charleston County","11h30","Yes","Day",0.07,7.6,NA,81,"Charleston",76.7,0.07,-0.248597816099016,0.80070578009923,0.941271468182659,0.784858928131958,"Low","Low","High","High"
"94",94,"6/7/2016","W","Waxing crescent",2016,"South Carola","olly Beach, Charleston County","11h30","Yes",NA,1.66,4,72.1,76.7,"Charleston",72.1,1.66,2.65469970095705,0.0593207430080148,-0.125926633574649,-0.0684025295164296,"High","High","High","Medium"
"95",95,"6/8/2016","NNW","Waxing crescent",2016,NA,NA,NA,"No",NA,0,4,64,75.7,NA,64,0,-0.376415945780729,-1.24616160491347,-0.125926633574649,-0.266835426643962,"High","Medium","High","High"
"96",96,"6/9/2016","W","Waxing crescent",2016,NA,NA,NA,"No",NA,0,2,57.2,71.6,NA,57.2,0,-0.376415945780729,-2.34212209452657,-0.718814467884264,-1.08041030486684,"High","Medium","Low","High"
"97",97,"6/10/2016","NNE","Waxing crescent",2016,NA,NA,NA,"No",NA,0,2,59.3,69.6,NA,59.3,0,-0.376415945780729,-2.00366370802841,-0.718814467884264,-1.47727609912191,"Medium","Medium","Low","High"
"98",98,"6/11/2016","WSW","First quarter",2016,"North Carolina","Atlantic Beach, Carteret County","15h00","Yes","Day",0,12,NA,76,"Carteret",69.9,0,-0.376415945780729,-0.295254709513868,2.24562470366381,-0.207305557505703,"High","High","Medium","High"
"99",99,"6/11/2016","WSW","First quarter",2016,"North Carola","Atlantic Beach, Emerald Isle, Carteret County","15h00","Yes",NA,0,6,70.1,74.3,"Carteret",70.1,0,-0.376415945780729,-0.263020577466426,0.466961200734967,-0.544641482622508,"High","High","High","High"
"100",100,"6/12/2016","WSW","First quarter",2016,NA,NA,NA,"No",NA,0,6,75.4,80.1,NA,75.4,0,-0.376415945780729,0.591183921790844,0.466961200734967,0.606269320717178,"Low","Low","High","High"
"101",101,"6/13/2016","NNE","First quarter",2016,NA,NA,NA,"No",NA,0,4,60.7,73.9,NA,60.7,0,-0.376415945780729,-1.7780247836963,-0.125926633574649,-0.624014641473519,"High","Medium","High","High"
"102",102,"6/14/2016","WNW","First quarter",2016,NA,NA,NA,"No",NA,0,2,67.8,77.4,NA,67.8,0,-0.376415945780729,-0.633713096012032,-0.718814467884264,0.0705004984728434,"High","High","Low","High"
"103",103,"6/15/2016","SSW","Waxing gibbous",2016,NA,NA,NA,"No",NA,0.34,3,75.1,77.9,NA,75.1,0.34,0.244414969816166,0.542832723719676,-0.422370550729456,0.169716947036609,"High","Low","High","High"
"104",104,"6/16/2016","W","Waxing gibbous",2016,NA,NA,NA,"No",NA,0.03,3,75.8,79.9,NA,75.8,0.03,-0.321636747345709,0.655652185885731,-0.422370550729456,0.566582741291674,"Low","Low","High","High"
"105",105,"6/17/2016","NE","Waxing gibbous",2016,NA,NA,NA,"No",NA,0.06,5,72.5,75.7,NA,72.5,0.06,-0.266857548910689,0.123789007102904,0.170517283580159,-0.266835426643962,"High","High","High","High"
"106",106,"6/18/2016","E","Full",2016,NA,NA,NA,"No",NA,0.01,5,62.9,76.2,NA,62.9,0.01,-0.358156212969056,-1.42344933117441,0.170517283580159,-0.167618978080196,"High","Medium","High","High"
"107",107,"6/19/2016","NE","Full",2016,NA,NA,NA,"No",NA,0,2,62.2,72.2,NA,62.2,0,-0.376415945780729,-1.53626879334047,-0.718814467884264,-0.961350566590324,"High","Medium","Low","High"
"108",108,"6/20/2016","WNW","Full",2016,NA,NA,NA,"No",NA,0,3,63.2,74,NA,63.2,0,-0.376415945780729,-1.37509813310325,-0.422370550729456,-0.604171351760767,"High","Medium","High","High"
"109",109,"6/21/2016","WSW","Full",2016,"South Carolina","North Myrtle Beach, Horry County","15h25","Yes","Day",0,16,NA,78,"Horry",74.2,0,-0.376415945780729,0.397779129506179,3.43140037228304,0.189560236749362,"High","Low","Medium","High"
"110",110,"6/21/2016","WSW","Full",2016,"South Carola","North Myrtle Beach, Horry County","15h25","Yes",NA,0,9,69.7,78.2,"Horry",69.7,0,-0.376415945780729,-0.327488841561313,1.35629295219939,0.229246816174869,"High","High","Medium","High"
"111",111,"6/22/2016","WSW","Waning gibbous",2016,NA,NA,NA,"No",NA,0,8,74,80.4,NA,74,0,-0.376415945780729,0.365544997458734,1.05984903504458,0.66579918985544,"Low","Low","Medium","High"
"112",112,"6/23/2016","WSW","Waning gibbous",2016,NA,NA,NA,"No",NA,0.07,7,76,78.4,NA,76,0.07,-0.248597816099016,0.687886317933175,0.763405117889774,0.268933395600375,"High","Low","High","High"
"113",113,"6/24/2016","WSW","Waning gibbous",2016,NA,NA,NA,"No",NA,0.2,2,75.4,78.4,NA,75.4,0.2,-0.0112212895472618,0.591183921790844,-0.718814467884264,0.268933395600375,"High","Low","Low","High"
"114",114,"6/25/2016","SE","Third quarter",2016,"North Carolina","Atlantic Beach, Carteret County","14h34","Yes","Day",0,6.8,NA,76,"Carteret",67.9,0,-0.376415945780729,-0.617596029988309,0.704116334458813,-0.207305557505703,"High","High","High","High"
"115",115,"6/25/2016","NE","Waning gibbous",2016,"North Carola","Atlantic Beach, Emerald Isle, Carteret County","14h34","Yes",NA,0,2,72.8,76.2,"Carteret",72.8,0,-0.376415945780729,0.17214020517407,-0.718814467884264,-0.167618978080196,"High","High","Low","High"
"116",116,"6/26/2016","NE","Last quarter",2016,NA,NA,NA,"No",NA,0,2,72.4,76.3,NA,72.4,0,-0.376415945780729,0.107671941079183,-0.718814467884264,-0.147775688367444,"High","High","Low","High"
"117",117,"6/27/2016","S","Waning crescent",2016,"South Carolina","Sullivan's Island, Charleston County","16h20","Yes","Evening",0,6.8,NA,79,"Charleston",72,0,-0.376415945780729,0.0432036769842937,0.704116334458813,0.387993133876894,"Low","High","High","High"
"118",118,"6/27/2016","ENE","Last quarter",2016,"South Carola","Sullivan's Island, Charleston County","16h20","Yes",NA,0,0,72.1,75.7,"Charleston",72.1,0,-0.376415945780729,0.0593207430080148,-1.31170230219388,-0.266835426643962,"High","High","Low","High"
"119",119,"6/28/2016","SW","Last quarter",2016,NA,NA,NA,"No",NA,0,2,72.5,78.1,NA,72.5,0,-0.376415945780729,0.123789007102904,-0.718814467884264,0.209403526462114,"High","High","Low","High"
"120",120,"6/29/2016","WNW","Waning crescent",2016,NA,NA,NA,"No",NA,0.29,2,74.6,78.1,NA,74.6,0.29,0.153116305757799,0.462247393601066,-0.718814467884264,0.209403526462114,"High","Low","Low","High"
"121",121,"6/30/2016","S","Waning crescent",2016,NA,NA,NA,"No",NA,0.02,2,75.1,78.9,NA,75.1,0.02,-0.339896480157383,0.542832723719676,-0.718814467884264,0.368149844164142,"Low","Low","Low","High"
"122",122,"7/1/2016","SW","Waning crescent",2016,NA,NA,NA,"No",NA,0.17,4,75.2,78,NA,75.2,0.17,-0.0660004879822819,0.558949789743399,-0.125926633574649,0.189560236749362,"High","Low","High","High"
"123",123,"7/2/2016","WNW","Waning crescent",2016,NA,NA,NA,"No",NA,0,2,75.9,80.9,NA,75.9,0,-0.376415945780729,0.671769251909454,-0.718814467884264,0.765015638419206,"Low","Low","Low","High"
"124",124,"7/3/2016","WSW","New",2016,NA,NA,NA,"No",NA,0.07,2,76.5,80.2,NA,76.5,0.07,-0.248597816099016,0.768471648051785,-0.718814467884264,0.626112610429933,"Low","Low","Low","High"
"125",125,"7/4/2016","SSW","New",2016,NA,NA,NA,"No",NA,0.08,2,77.3,79.3,NA,77.3,0.08,-0.230338083287342,0.897408176241561,-0.718814467884264,0.447523003015153,"Low","Low","Low","High"
"126",126,"7/5/2016","WSW","New",2016,NA,NA,NA,"No",NA,0.38,7,79.3,81.9,NA,79.3,0.38,0.317453901062859,1.219749496716,0.763405117889774,0.963448535546738,"Low","Low","High","High"
"127",127,"7/6/2016","WSW","New",2016,NA,NA,NA,"No",NA,0,4,78.1,81.8,NA,78.1,0,-0.376415945780729,1.02634470443134,-0.125926633574649,0.943605245833983,"Low","Low","High","High"
"128",128,"7/7/2016","W","Waxing crescent",2016,NA,NA,NA,"No",NA,0,6,77.2,82,NA,77.2,0,-0.376415945780729,0.88129111021784,0.466961200734967,0.98329182525949,"Low","Low","High","High"
"129",129,"7/8/2016","W","Waxing crescent",2016,NA,NA,NA,"No",NA,0,5,76.7,83.2,NA,76.7,0,-0.376415945780729,0.80070578009923,0.170517283580159,1.22141130181253,"Low","Low","High","High"
"130",130,"7/9/2016","W","Waxing crescent",2016,NA,NA,NA,"No",NA,0.42,5,75.6,81.9,NA,75.6,0.42,0.390492832309553,0.623418053838286,0.170517283580159,0.963448535546738,"Low","Low","High","Low"
"131",131,"7/10/2016","WNW","First quarter",2016,NA,NA,NA,"No",NA,0.62,1,75.1,81.2,NA,75.1,0.62,0.75568748854302,0.542832723719676,-1.01525838503907,0.824545507557465,"Low","Low","Low","Low"
"132",132,"7/11/2016","WSW","First quarter",2016,NA,NA,NA,"No",NA,0,0,75.4,80.1,NA,75.4,0,-0.376415945780729,0.591183921790844,-1.31170230219388,0.606269320717178,"Low","Low","Low","High"
"133",133,"7/12/2016","SE","First quarter",2016,NA,NA,NA,"No",NA,0.01,1,76.3,80.8,NA,76.3,0.01,-0.358156212969056,0.736237516004341,-1.01525838503907,0.745172348706451,"Low","Low","Low","High"
"134",134,"7/13/2016","WSW","First quarter",2016,NA,NA,NA,"No",NA,1.44,1,76.9,79.2,NA,76.9,1.44,2.25298557910024,0.832939912146675,-1.01525838503907,0.427679713302401,"Low","Low","Low","Low"
"135",135,"7/14/2016","WSW","Waxing gibbous",2016,NA,NA,NA,"No",NA,0,5,80.3,84.1,NA,80.3,0,-0.376415945780729,1.38092015695322,0.170517283580159,1.40000090922731,"Low","Low","High","High"
"136",136,"7/15/2016","WSW","Waxing gibbous",2016,"South Carola","North Myrtle Beach, Horry County",NA,"Yes",NA,0,5,79.3,82.2,"Horry",79.3,0,-0.376415945780729,1.219749496716,0.170517283580159,1.022978404685,"Low","Low","High","High"
"137",137,"7/16/2016","SW","Waxing gibbous",2016,NA,NA,NA,"No",NA,0,2,77.3,82.6,NA,77.3,0,-0.376415945780729,0.897408176241561,-0.718814467884264,1.10235156353601,"Low","Low","Low","High"
"138",138,"7/17/2016","SW","Waxing gibbous",2016,NA,NA,NA,"No",NA,0.05,3,76.2,80.7,NA,76.2,0.05,-0.285117281722363,0.72012044998062,-0.422370550729456,0.725329058993699,"Low","Low","High","High"
"139",139,"7/18/2016","SW","Full",2016,NA,NA,NA,"No",NA,0,3,77.2,82.3,NA,77.2,0,-0.376415945780729,0.88129111021784,-0.422370550729456,1.04282169439775,"Low","Low","High","High"
"140",140,"7/19/2016","W","Full",2016,NA,NA,NA,"No",NA,0.53,2,75,78.2,NA,75,0.53,0.59134989323796,0.526715657695955,-0.718814467884264,0.229246816174869,"High","Low","Low","Low"
"141",141,"7/20/2016","NNE","Full",2016,NA,NA,NA,"No",NA,0,1,73.8,78.9,NA,73.8,0,-0.376415945780729,0.33331086541129,-1.01525838503907,0.368149844164142,"Low","Low","Low","High"
"142",142,"7/21/2016","E","Waning gibbous",2016,NA,NA,NA,"No",NA,0,0,74.7,80.5,NA,74.7,0,-0.376415945780729,0.478364459624789,-1.31170230219388,0.685642479568192,"Low","Low","Low","High"
"143",143,"7/22/2016","SW","Waning gibbous",2016,NA,NA,NA,"No",NA,0,2,73,79.2,NA,73,0,-0.376415945780729,0.204374337221514,-0.718814467884264,0.427679713302401,"Low","High","Low","High"
"144",144,"7/23/2016","WSW","Waning gibbous",2016,NA,NA,NA,"No",NA,0,3,76.8,83.2,NA,76.8,0,-0.376415945780729,0.816822846122951,-0.422370550729456,1.22141130181253,"Low","Low","High","High"
"145",145,"7/24/2016","WSW","Waning gibbous",2016,NA,NA,NA,"No",NA,0,4,78.7,83.8,NA,78.7,0,-0.376415945780729,1.12304710057367,-0.125926633574649,1.34047104008905,"Low","Low","High","High"
"146",146,"7/25/2016","WSW","Last quarter",2016,NA,NA,NA,"No",NA,0,4,78.4,84.2,NA,78.4,0,-0.376415945780729,1.07469590250251,-0.125926633574649,1.41984419894006,"Low","Low","High","High"
"147",147,"7/26/2016","W","Last quarter",2016,NA,NA,NA,"No",NA,0,6,78,83.5,NA,78,0,-0.376415945780729,1.01022763840762,0.466961200734967,1.28094117095079,"Low","Low","High","High"
"148",148,"7/27/2016","W","Last quarter",2016,NA,NA,NA,"No",NA,0.01,3,78.9,84.9,NA,78.9,0.01,-0.358156212969056,1.15528123262112,-0.422370550729456,1.55874722692933,"Low","Low","High","High"
"149",149,"7/28/2016","WSW","Last quarter",2016,NA,NA,NA,"No",NA,0,4,79.9,84.7,NA,79.9,0,-0.376415945780729,1.31645189285834,-0.125926633574649,1.51906064750383,"Low","Low","High","High"
"150",150,"7/29/2016","WSW","Waning crescent",2016,NA,NA,NA,"No",NA,0,4,78.8,84.3,NA,78.8,0,-0.376415945780729,1.13916416659739,-0.125926633574649,1.43968748865281,"Low","Low","High","High"
"151",151,"7/30/2016","SSW","Waning crescent",2016,NA,NA,NA,"No",NA,0.03,2,79.5,82.2,NA,79.5,0.03,-0.321636747345709,1.25198362876345,-0.718814467884264,1.022978404685,"Low","Low","Low","High"
"152",152,"7/31/2016","WSW","Waning crescent",2016,NA,NA,NA,"No",NA,0.02,4,78.3,82.7,NA,78.3,0.02,-0.339896480157383,1.05857883647878,-0.125926633574649,1.12219485324876,"Low","Low","High","High"
"153",153,"8/1/2016","WSW","Waning crescent",2016,NA,NA,NA,"No",NA,0,4,77.8,82.9,NA,77.8,0,-0.376415945780729,0.977993506360171,-0.125926633574649,1.16188143267427,"Low","Low","High","High"
"154",154,"8/2/2016","W","New",2016,NA,NA,NA,"No",NA,1.35,2,76.7,80.2,NA,76.7,1.35,2.08864798379518,0.80070578009923,-0.718814467884264,0.626112610429933,"Low","Low","Low","Low"
"155",155,"8/3/2016","NE","New",2016,NA,NA,NA,"No",NA,0.01,2,76.7,79.9,NA,76.7,0.01,-0.358156212969056,0.80070578009923,-0.718814467884264,0.566582741291674,"Low","Low","Low","High"
"156",156,"8/4/2016","NE","New",2016,NA,NA,NA,"No",NA,0,1,75.6,81.1,NA,75.6,0,-0.376415945780729,0.623418053838286,-1.01525838503907,0.80470221784471,"Low","Low","Low","High"
"157",157,"8/5/2016","ESE","Waxing crescent",2016,NA,NA,NA,"No",NA,0,1,77.7,82,NA,77.7,0,-0.376415945780729,0.96187644033645,-1.01525838503907,0.98329182525949,"Low","Low","Low","High"
"158",158,"8/6/2016","WSW","Waxing crescent",2016,NA,NA,NA,"No",NA,0,6,78.7,83.2,NA,78.7,0,-0.376415945780729,1.12304710057367,0.466961200734967,1.22141130181253,"Low","Low","High","High"
"159",159,"8/7/2016","W","Waxing crescent",2016,NA,NA,NA,"No",NA,0.1,3,78.5,82.4,NA,78.5,0.1,-0.193818617663996,1.09081296852623,-0.422370550729456,1.0626649841105,"Low","Low","High","High"
"160",160,"8/8/2016","WNW","Waxing crescent",2016,NA,NA,NA,"No",NA,0.57,1,77.3,81.8,NA,77.3,0.57,0.664388824484653,0.897408176241561,-1.01525838503907,0.943605245833983,"Low","Low","Low","Low"
"161",161,"8/9/2016","SE","First quarter",2016,NA,NA,NA,"No",NA,0.01,0,77.8,81.6,NA,77.8,0.01,-0.358156212969056,0.977993506360171,-1.31170230219388,0.903918666408476,"Low","Low","Low","High"
"162",162,"8/10/2016","SSE","First quarter",2016,NA,NA,NA,"No",NA,0,1,78.2,82.4,NA,78.2,0,-0.376415945780729,1.04246177045506,-1.01525838503907,1.0626649841105,"Low","Low","Low","High"
"163",163,"8/11/2016","S","First quarter",2016,NA,NA,NA,"No",NA,0,2,77.2,82.9,NA,77.2,0,-0.376415945780729,0.88129111021784,-0.718814467884264,1.16188143267427,"Low","Low","Low","High"
"164",164,"8/12/2016","SW","First quarter",2016,NA,NA,NA,"No",NA,0,3,78.8,84.6,NA,78.8,0,-0.376415945780729,1.13916416659739,-0.422370550729456,1.49921735779107,"Low","Low","High","High"
"165",165,"8/13/2016","WSW","Waxing gibbous",2016,NA,NA,NA,"No",NA,0,4,79.3,84.9,NA,79.3,0,-0.376415945780729,1.219749496716,-0.125926633574649,1.55874722692933,"Low","Low","High","High"
"166",166,"8/14/2016","WSW","Waxing gibbous",2016,NA,NA,NA,"No",NA,0,4,79.9,84.7,NA,79.9,0,-0.376415945780729,1.31645189285834,-0.125926633574649,1.51906064750383,"Low","Low","High","High"
"167",167,"8/15/2016","WSW","Waxing gibbous",2016,NA,NA,NA,"No",NA,0,2,79.5,85.7,NA,79.5,0,-0.376415945780729,1.25198362876345,-0.718814467884264,1.71749354463136,"Low","Low","Low","High"
"168",168,"8/16/2016","SSW","Full",2016,NA,NA,NA,"No",NA,0,2,77.8,83.2,NA,77.8,0,-0.376415945780729,0.977993506360171,-0.718814467884264,1.22141130181253,"Low","Low","Low","High"
"169",169,"8/17/2016","WSW","Full",2016,NA,NA,NA,"No",NA,0,4,77,83.8,NA,77,0,-0.376415945780729,0.849056978170396,-0.125926633574649,1.34047104008905,"Low","Low","High","High"
"170",170,"8/18/2016","WSW","Full",2016,NA,NA,NA,"No",NA,0.03,4,78,83.3,NA,78,0.03,-0.321636747345709,1.01022763840762,-0.125926633574649,1.24125459152528,"Low","Low","High","High"
"171",171,"8/19/2016","WNW","Full",2016,NA,NA,NA,"No",NA,0.15,1,76.9,80.6,NA,76.9,0.15,-0.102519953605629,0.832939912146675,-1.01525838503907,0.705485769280944,"Low","Low","Low","High"
"172",172,"8/20/2016","NNW","Waning gibbous",2016,NA,NA,NA,"No",NA,0.2,0,75.3,79.9,NA,75.3,0.2,-0.0112212895472618,0.57506685576712,-1.31170230219388,0.566582741291674,"Low","Low","Low","High"
"173",173,"8/21/2016","WSW","Waning gibbous",2016,NA,NA,NA,"No",NA,0.02,3,77.7,80.8,NA,77.7,0.02,-0.339896480157383,0.96187644033645,-0.422370550729456,0.745172348706451,"Low","Low","High","High"
"174",174,"8/22/2016","NNE","Waning gibbous",2016,NA,NA,NA,"No",NA,0.02,3,71.3,80.2,NA,71.3,0.02,-0.339896480157383,-0.069615785181761,-0.422370550729456,0.626112610429933,"Low","High","High","High"
"175",175,"8/23/2016","NE","Waning gibbous",2016,NA,NA,NA,"No",NA,0,2,65.8,78.7,NA,65.8,0,-0.376415945780729,-0.956054416486473,-0.718814467884264,0.328463264738635,"Low","High","Low","High"
"176",176,"8/24/2016","NNE","Last quarter",2016,NA,NA,NA,"No",NA,0.02,1,71.4,78.1,NA,71.4,0.02,-0.339896480157383,-0.0534987191580376,-1.01525838503907,0.209403526462114,"High","High","Low","High"
"177",177,"8/25/2016","E","Last quarter",2016,NA,NA,NA,"No",NA,0,0,69.8,77,NA,69.8,0,-0.376415945780729,-0.311371775537592,-1.31170230219388,-0.00887266037817056,"High","High","Low","High"
"178",178,"8/26/2016","SSE","Last quarter",2016,NA,NA,NA,"No",NA,0,1,71.4,78.1,NA,71.4,0,-0.376415945780729,-0.0534987191580376,-1.01525838503907,0.209403526462114,"High","High","Low","High"
"179",179,"8/27/2016","NNE","Waning crescent",2016,NA,NA,NA,"No",NA,0,1,76.4,81.1,NA,76.4,0,-0.376415945780729,0.752354582028064,-1.01525838503907,0.80470221784471,"Low","Low","Low","High"
"180",180,"8/28/2016","NE","Waning crescent",2016,NA,NA,NA,"No",NA,0.37,1,77.1,81.2,NA,77.1,0.37,0.299194168251186,0.865174044194117,-1.01525838503907,0.824545507557465,"Low","Low","Low","High"
"181",181,"8/29/2016","NE","Waning crescent",2016,NA,NA,NA,"No",NA,0,4,77.4,81.5,NA,77.4,0,-0.376415945780729,0.913525242265285,-0.125926633574649,0.884075376695724,"Low","Low","High","High"
"182",182,"8/30/2016","NE","Waning crescent",2016,NA,NA,NA,"No",NA,0.52,2,77.7,82.1,NA,77.7,0.52,0.573090160426286,0.96187644033645,-0.718814467884264,1.00313511497224,"Low","Low","Low","Low"
"183",183,"8/31/2016","NNE","New",2016,NA,NA,NA,"No",NA,0,2,76.8,81.4,NA,76.8,0,-0.376415945780729,0.816822846122951,-0.718814467884264,0.864232086982972,"Low","Low","Low","High"
"184",184,"9/1/2016","WSW","New",2016,NA,NA,NA,"No",NA,0.12,1,75,80.4,NA,75,0.12,-0.157299152040649,0.526715657695955,-1.01525838503907,0.66579918985544,"Low","Low","Low","High"
"185",185,"9/2/2016","ESE","New",2016,NA,NA,NA,"No",NA,0.3,4,73.9,75.1,NA,73.9,0.3,0.171376038569472,0.349427931435013,-0.125926633574649,-0.385895164920483,"High","Low","High","High"
"186",186,"9/3/2016","SW","New",2016,NA,NA,NA,"No",NA,1.61,11,75.8,76.9,NA,75.8,1.61,2.56340103689868,0.655652185885731,1.949180786509,-0.0287159500909226,"High","Low","Medium","Medium"
"187",187,"9/5/2016","S","Waxing crescent",2016,"South Carola","Kgston Plantation, Myrtle Beach, Horry County","Late aternoon","Yes",NA,0,0,65.9,70.6,"Horry",65.9,0,-0.376415945780729,-0.93993735046275,-1.31170230219388,-1.27884320199438,"Medium","High","Low","High"
"188",188,"9/6/2016","W","Waxing crescent",2016,NA,NA,NA,"No",NA,0,3,70.3,77.3,NA,70.3,0,-0.376415945780729,-0.230786445418981,-0.422370550729456,0.0506572087600885,"High","High","High","High"
"189",189,"9/7/2016","W","First quarter",2016,NA,NA,NA,"No",NA,0,3,73.6,81.3,NA,73.6,0,-0.376415945780729,0.301076733363845,-0.422370550729456,0.844388797270217,"Low","Low","High","High"
"190",190,"9/8/2016","WSW","First quarter",2016,NA,NA,NA,"No",NA,0,4,75.4,80.6,NA,75.4,0,-0.376415945780729,0.591183921790844,-0.125926633574649,0.705485769280944,"Low","Low","High","High"
"191",191,"9/9/2016","WSW","First quarter",2016,NA,NA,NA,"No",NA,0,4,75.4,80,NA,75.4,0,-0.376415945780729,0.591183921790844,-0.125926633574649,0.586426031004426,"Low","Low","High","High"
"192",192,"9/10/2016","SW","First quarter",2016,NA,NA,NA,"No",NA,0,3,75.4,80.1,NA,75.4,0,-0.376415945780729,0.591183921790844,-0.422370550729456,0.606269320717178,"Low","Low","High","High"
"193",193,"9/11/2016","WSW","Waxing gibbous",2016,NA,NA,NA,"No",NA,0,4,76.7,80.8,NA,76.7,0,-0.376415945780729,0.80070578009923,-0.125926633574649,0.745172348706451,"Low","Low","High","High"
"194",194,"9/12/2016","NE","Waxing gibbous",2016,NA,NA,NA,"No",NA,0,1,73.6,78.7,NA,73.6,0,-0.376415945780729,0.301076733363845,-1.01525838503907,0.328463264738635,"Low","Low","Low","High"
"195",195,"9/13/2016","NE","Waxing gibbous",2016,NA,NA,NA,"No",NA,0,2,69.6,73.7,NA,69.6,0,-0.376415945780729,-0.343605907585036,-0.718814467884264,-0.663701220899026,"High","High","Low","High"
"196",196,"9/14/2016","SSW","Waxing gibbous",2016,NA,NA,NA,"No",NA,0,0,67.9,73.9,NA,67.9,0,-0.376415945780729,-0.617596029988309,-1.31170230219388,-0.624014641473519,"High","High","Low","High"
"197",197,"9/15/2016","ENE","Full",2016,NA,NA,NA,"No",NA,0,2,73.3,77.6,NA,73.3,0,-0.376415945780729,0.25272553529268,-0.718814467884264,0.110187077898348,"High","Low","Low","High"
"198",198,"9/16/2016","ENE","Full",2016,NA,NA,NA,"No",NA,0,3,74.2,78.8,NA,74.2,0,-0.376415945780729,0.397779129506179,-0.422370550729456,0.348306554451387,"Low","Low","High","High"
"199",199,"9/17/2016","ENE","Full",2016,NA,NA,NA,"No",NA,0,1,75,79.8,NA,75,0,-0.376415945780729,0.526715657695955,-1.01525838503907,0.546739451578919,"Low","Low","Low","High"
"200",200,"9/18/2016","SSE","Full",2016,NA,NA,NA,"No",NA,0.01,2,76.5,80.6,NA,76.5,0.01,-0.358156212969056,0.768471648051785,-0.718814467884264,0.705485769280944,"Low","Low","Low","High"
"201",201,"9/19/2016","S","Waning gibbous",2016,NA,NA,NA,"No",NA,0.63,4,76.6,78.8,NA,76.6,0.63,0.773947221354693,0.784588714075507,-0.125926633574649,0.348306554451387,"Low","Low","High","Low"
"202",202,"9/20/2016","S","Waning gibbous",2016,NA,NA,NA,"No",NA,1.5,3,75.5,76.9,NA,75.5,1.5,2.36254397597028,0.607300987814565,-0.422370550729456,-0.0287159500909226,"High","Low","High","Low"
"203",203,"9/21/2016","ESE","Waning gibbous",2016,NA,NA,NA,"No",NA,1.17,2,75.3,77.6,NA,75.3,1.17,1.75997279318506,0.57506685576712,-0.718814467884264,0.110187077898348,"High","Low","Low","Low"
"204",204,"9/22/2016","E","Last quarter",2016,NA,NA,NA,"No",NA,0,1,75.1,77.7,NA,75.1,0,-0.376415945780729,0.542832723719676,-1.01525838503907,0.130030367611102,"High","Low","Low","High"
"205",205,"9/23/2016","NE","Last quarter",2016,NA,NA,NA,"No",NA,0.01,1,74.2,77.4,NA,74.2,0.01,-0.358156212969056,0.397779129506179,-1.01525838503907,0.0705004984728434,"High","Low","Low","High"
"206",206,"9/24/2016","NE","Last quarter",2016,NA,NA,NA,"No",NA,0,1,71.5,77.1,NA,71.5,0,-0.376415945780729,-0.0373816531343165,-1.01525838503907,0.0109706293345815,"High","High","Low","High"
"207",207,"9/25/2016","NE","Last quarter",2016,NA,NA,NA,"No",NA,0,3,64.6,72.7,NA,64.6,0,-0.376415945780729,-1.14945920877114,-0.422370550729456,-0.862134118026558,"High","Medium","High","High"
"208",208,"9/26/2016","SE","Waning crescent",2016,NA,NA,NA,"No",NA,0,2,66.2,74.6,NA,66.2,0,-0.376415945780729,-0.891586152391584,-0.718814467884264,-0.485111613484249,"High","High","Low","High"
"209",209,"9/27/2016","SSE","Waning crescent",2016,NA,NA,NA,"No",NA,0.01,2,69.8,75.5,NA,69.8,0.01,-0.358156212969056,-0.311371775537592,-0.718814467884264,-0.306522006069469,"High","High","Low","High"
"210",210,"9/28/2016","ENE","Waning crescent",2016,NA,NA,NA,"No",NA,0.01,1,73,76.1,NA,73,0.01,-0.358156212969056,0.204374337221514,-1.01525838503907,-0.187462267792951,"High","High","Low","High"
"211",211,"9/29/2016","ENE","Waning crescent",2016,NA,NA,NA,"No",NA,0.01,1,74.4,77.9,NA,74.4,0.01,-0.358156212969056,0.430013261553624,-1.01525838503907,0.169716947036609,"High","Low","Low","High"
"212",212,"9/30/2016","SSE","New",2016,NA,NA,NA,"No",NA,0.14,3,74.3,77,NA,74.3,0.14,-0.120779686417302,0.4138961955299,-0.422370550729456,-0.00887266037817056,"High","Low","High","High"
"213",213,"5/1/2017","SW","Waxing crescent",2017,NA,NA,NA,"No",NA,0,8,69.9,76,NA,69.9,0,-0.376415945780729,-0.295254709513868,1.05984903504458,-0.207305557505703,"High","High","Medium","High"
"214",214,"5/2/2017","WSW","First quarter",2017,NA,NA,NA,"No",NA,0.03,7,67.3,72.3,NA,67.3,0.03,-0.321636747345709,-0.714298426130643,0.763405117889774,-0.941507276877572,"High","High","High","High"
"215",215,"5/3/2017","NW","First quarter",2017,NA,NA,NA,"No",NA,0,2,57.3,73.1,NA,57.3,0,-0.376415945780729,-2.32600502850285,-0.718814467884264,-0.782760959175547,"High","Medium","Low","High"
"216",216,"5/4/2017","SE","First quarter",2017,NA,NA,NA,"No",NA,0.27,6,63.7,71.9,NA,63.7,0.27,0.116596840134452,-1.29451280298463,0.466961200734967,-1.02088043572858,"High","Medium","High","High"
"217",217,"5/5/2017","SW","Waxing gibbous",2017,NA,NA,NA,"No",NA,2.24,10,68,71.8,NA,68,2.24,3.71376420403411,-0.601478963964588,1.6527368693542,-1.04072372544134,"High","High","Medium","Medium"
"218",218,"5/6/2017","W","Waxing gibbous",2017,NA,NA,NA,"No",NA,0,7,53.2,64.5,NA,53.2,0,-0.376415945780729,-2.98680473547545,0.763405117889774,-2.48928387447232,"Medium","Medium","High","High"
"219",219,"5/7/2017","WNW","Waxing gibbous",2017,NA,NA,NA,"No",NA,0.18,4,50.7,61.7,NA,50.7,0.18,-0.0477407551706086,-3.3897313860685,-0.125926633574649,-3.04489598642941,"Medium","Medium","High","High"
"220",220,"5/8/2017","NW","Waxing gibbous",2017,NA,NA,NA,"No",NA,0,2,49.4,64.1,NA,49.4,0,-0.376415945780729,-3.59925324437689,-0.718814467884264,-2.56865703332334,"Medium","Medium","Low","High"
"221",221,"5/9/2017","NW","Full",2017,NA,NA,NA,"No",NA,0,2,47.6,60.8,NA,47.6,0,-0.376415945780729,-3.88936043280388,-0.718814467884264,-3.22348559384419,"Medium","Medium","Low","High"
"222",222,"5/10/2017","NNW","Full",2017,NA,NA,NA,"No",NA,0.06,0,59.1,66.4,NA,59.1,0.06,-0.266857548910689,-2.03589784007585,-1.31170230219388,-2.11226136993001,"Medium","Medium","Low","High"
"223",223,"5/11/2017","N","Full",2017,NA,NA,NA,"No",NA,0.92,3,66.5,70.3,NA,66.5,0.92,1.30347947289322,-0.843234954320418,-0.422370550729456,-1.33837307113264,"Medium","High","High","Low"
"224",224,"5/12/2017","SE","Full",2017,NA,NA,NA,"No",NA,0.27,3,65.6,67.9,NA,65.6,0.27,0.116596840134452,-0.988288548533918,-0.422370550729456,-1.81461202423871,"Medium","High","High","High"
"225",225,"5/13/2017","NNW","Waning gibbous",2017,NA,NA,NA,"No",NA,0.52,2,63.8,67.2,NA,63.8,0.52,0.573090160426286,-1.27839573696091,-0.718814467884264,-1.95351505222798,"Medium","Medium","Low","Low"
"226",226,"5/14/2017","W","Waning gibbous",2017,NA,NA,NA,"No",NA,0,5,58.2,65.2,NA,58.2,0,-0.376415945780729,-2.18095143428935,0.170517283580159,-2.35038084648305,"Medium","Medium","High","High"
"227",227,"5/15/2017","NNW","Waning gibbous",2017,NA,NA,NA,"No",NA,0,3,57,67.6,NA,57,0,-0.376415945780729,-2.37435622657401,-0.422370550729456,-1.87414189337697,"Medium","Medium","High","High"
"228",228,"5/16/2017","S","Last quarter",2017,NA,NA,NA,"No",NA,0,1,63.1,69.9,NA,63.1,0,-0.376415945780729,-1.39121519912697,-1.01525838503907,-1.41774622998365,"Medium","Medium","Low","High"
"229",229,"5/17/2017","WSW","Last quarter",2017,NA,NA,NA,"No",NA,0.01,5,71.4,74.8,NA,71.4,0.01,-0.358156212969056,-0.0534987191580376,0.170517283580159,-0.445425034058742,"High","High","High","High"
"230",230,"5/18/2017","WSW","Last quarter",2017,NA,NA,NA,"No",NA,0,5,71.2,75.6,NA,71.2,0,-0.376415945780729,-0.0857328512054821,0.170517283580159,-0.286678716356717,"High","High","High","High"
"231",231,"5/19/2017","WSW","Last quarter",2017,NA,NA,NA,"No",NA,0,5,69.5,74.4,NA,69.5,0,-0.376415945780729,-0.359722973608757,0.170517283580159,-0.524798192909753,"High","High","High","High"
"232",232,"5/20/2017","WNW","Waning crescent",2017,NA,NA,NA,"No",NA,0,3,70,73.9,NA,70,0,-0.376415945780729,-0.279137643490147,-0.422370550729456,-0.624014641473519,"High","High","High","High"
"233",233,"5/21/2017","NNE","Waning crescent",2017,NA,NA,NA,"No",NA,0.01,3,67.1,68.9,NA,67.1,0.01,-0.358156212969056,-0.746532558178087,-0.422370550729456,-1.61617912711118,"Medium","High","High","High"
"234",234,"5/22/2017","SW","Waning crescent",2017,NA,NA,NA,"No",NA,0.23,3,69.9,73.4,NA,69.9,0.23,0.0435579088877583,-0.295254709513868,-0.422370550729456,-0.723231090037285,"High","High","High","High"
"235",235,"5/23/2017","SW","Waning crescent",2017,NA,NA,NA,"No",NA,0.57,3,70.7,71.3,NA,70.7,0.57,0.664388824484653,-0.166318181324092,-0.422370550729456,-1.1399401740051,"High","High","High","Low"
"236",236,"5/24/2017","SW","New",2017,NA,NA,NA,"No",NA,0.6,3,70.3,73.6,NA,70.3,0.6,0.719168022919673,-0.230786445418981,-0.422370550729456,-0.683544510611781,"High","High","High","Low"
"237",237,"5/25/2017","WSW","New",2017,NA,NA,NA,"No",NA,0.04,8,65.9,73.4,NA,65.9,0.04,-0.303377014534036,-0.93993735046275,1.05984903504458,-0.723231090037285,"High","High","Medium","High"
"238",238,"5/26/2017","W","New",2017,NA,NA,NA,"No",NA,0,5,62.4,74.4,NA,62.4,0,-0.376415945780729,-1.50403466129302,0.170517283580159,-0.524798192909753,"High","Medium","High","High"
"239",239,"5/27/2017","WSW","New",2017,NA,NA,NA,"No",NA,0,3,69.6,75.6,NA,69.6,0,-0.376415945780729,-0.343605907585036,-0.422370550729456,-0.286678716356717,"High","High","High","High"
"240",240,"5/28/2017","WSW","Waxing crescent",2017,NA,NA,NA,"No",NA,0,4,73.1,76.4,NA,73.1,0,-0.376415945780729,0.220491403245235,-0.125926633574649,-0.127932398654689,"High","High","High","High"
"241",241,"5/29/2017","W","Waxing crescent",2017,NA,NA,NA,"No",NA,0,2,72.4,79.8,NA,72.4,0,-0.376415945780729,0.107671941079183,-0.718814467884264,0.546739451578919,"Low","High","Low","High"
"242",242,"5/30/2017","WSW","Waxing crescent",2017,"South Carola","Awendaw, Charleston County",NA,"Yes",NA,0.76,2,72.2,75.5,"Charleston",72.2,0.76,1.01132374790645,0.0754378090317383,-0.718814467884264,-0.306522006069469,"High","High","Low","Low"
"243",243,"5/31/2017","WSW","First quarter",2017,NA,NA,NA,"No",NA,0.03,2,72.9,76.7,NA,72.9,0.03,-0.321636747345709,0.188257271197793,-0.718814467884264,-0.0684025295164296,"High","High","Low","High"
"244",244,"6/1/2017","W","First quarter",2017,NA,NA,NA,"No",NA,0,1,72.6,77.2,NA,72.6,0,-0.376415945780729,0.139906073126625,-1.01525838503907,0.0308139190473364,"High","High","Low","High"
"245",245,"6/2/2017","NNE","First quarter",2017,NA,NA,NA,"No",NA,0,1,68.4,75.4,NA,68.4,0,-0.376415945780729,-0.537010699869699,-1.01525838503907,-0.326365295782221,"High","High","Low","High"
"246",246,"6/3/2017","SW","First quarter",2017,NA,NA,NA,"No",NA,0,1,69.2,73.1,NA,69.2,0,-0.376415945780729,-0.408074171679923,-1.01525838503907,-0.782760959175547,"High","High","Low","High"
"247",247,"6/4/2017","SW","Waxing gibbous",2017,NA,NA,NA,"No",NA,0,2,72,77.9,NA,72,0,-0.376415945780729,0.0432036769842937,-0.718814467884264,0.169716947036609,"High","High","Low","High"
"248",248,"6/5/2017","WSW","Waxing gibbous",2017,NA,NA,NA,"No",NA,0.23,5,73.9,78.6,NA,73.9,0.23,0.0435579088877583,0.349427931435013,0.170517283580159,0.30861997502588,"Low","Low","High","High"
"249",249,"6/6/2017","NNW","Waxing gibbous",2017,NA,NA,NA,"No",NA,0.16,2,69.9,74.7,NA,69.9,0.16,-0.0842602207939553,-0.295254709513868,-0.718814467884264,-0.465268323771494,"High","High","Low","High"
"250",250,"6/7/2017","NE","Waxing gibbous",2017,NA,NA,NA,"No",NA,0.17,5,63.9,68.3,NA,63.9,0.17,-0.0660004879822819,-1.26227867093719,0.170517283580159,-1.7352388653877,"Medium","Medium","High","High"
"251",251,"6/8/2017","NNE","Full",2017,NA,NA,NA,"No",NA,0.4,6,62.9,65.1,NA,62.9,0.4,0.353973366686206,-1.42344933117441,0.466961200734967,-2.3702241361958,"Medium","Medium","High","Low"
"252",252,"6/9/2017","W","Full",2017,NA,NA,NA,"No",NA,0,2,61.1,69.2,NA,61.1,0,-0.376415945780729,-1.71355651960141,-0.718814467884264,-1.55664925797292,"Medium","Medium","Low","High"
"253",253,"6/10/2017","SW","Full",2017,NA,NA,NA,"No",NA,0,2,69.6,74.1,NA,69.6,0,-0.376415945780729,-0.343605907585036,-0.718814467884264,-0.584328062048015,"High","High","Low","High"
"254",254,"6/11/2017","SW","Waning gibbous",2017,NA,NA,NA,"No",NA,0,2,71.8,76.3,NA,71.8,0,-0.376415945780729,0.0109695449368492,-0.718814467884264,-0.147775688367444,"High","High","Low","High"
"255",255,"6/12/2017","WSW","Waning gibbous",2017,NA,NA,NA,"No",NA,0,2,70.5,77.2,NA,70.5,0,-0.376415945780729,-0.198552313371537,-0.718814467884264,0.0308139190473364,"High","High","Low","High"
"256",256,"6/13/2017","WSW","Waning gibbous",2017,NA,NA,NA,"No",NA,0,2,70.5,76.1,NA,70.5,0,-0.376415945780729,-0.198552313371537,-0.718814467884264,-0.187462267792951,"High","High","Low","High"
"257",257,"6/14/2017","WSW","Waning gibbous",2017,NA,NA,NA,"No",NA,0,3,73.4,78.8,NA,73.4,0,-0.376415945780729,0.268842601316403,-0.422370550729456,0.348306554451387,"Low","Low","High","High"
"258",258,"6/15/2017","W","Last quarter",2017,NA,NA,NA,"No",NA,0.02,1,73,78.8,NA,73,0.02,-0.339896480157383,0.204374337221514,-1.01525838503907,0.348306554451387,"Low","High","Low","High"
"259",259,"6/16/2017","WSW","Last quarter",2017,NA,NA,NA,"No",NA,0,2,76.3,78.7,NA,76.3,0,-0.376415945780729,0.736237516004341,-0.718814467884264,0.328463264738635,"Low","Low","Low","High"
"260",260,"6/17/2017","SW","Last quarter",2017,NA,NA,NA,"No",NA,0.04,3,75.7,78.2,NA,75.7,0.04,-0.303377014534036,0.63953511986201,-0.422370550729456,0.229246816174869,"High","Low","High","High"
"261",261,"6/18/2017","SW","Last quarter",2017,"South Carola","Burkes Beach, Hilton Head, Beaufort County",NA,"Yes",NA,0,4,76.4,80.6,"Beaufort",76.4,0,-0.376415945780729,0.752354582028064,-0.125926633574649,0.705485769280944,"Low","Low","High","High"
"262",262,"6/19/2017","SW","Waning crescent",2017,NA,NA,NA,"No",NA,0.24,5,76.6,79.6,NA,76.6,0.24,0.0618176416994317,0.784588714075507,0.170517283580159,0.507052872153412,"Low","Low","High","High"
"263",263,"6/20/2017","WSW","Waning crescent",2017,NA,NA,NA,"No",NA,0.17,3,75.6,77.2,NA,75.6,0.17,-0.0660004879822819,0.623418053838286,-0.422370550729456,0.0308139190473364,"High","Low","High","High"
"264",264,"6/21/2017","WSW","Waning crescent",2017,"South Carola","South orest Beach, Hilton Head Island, Beaufort County",NA,"Yes",NA,0.55,3,73.2,76.4,"Beaufort",73.2,0.55,0.627869358861306,0.236608469268959,-0.422370550729456,-0.127932398654689,"High","Low","High","Low"
"265",265,"6/22/2017","WSW","New",2017,NA,NA,NA,"No",NA,0.01,2,77,81,NA,77,0.01,-0.358156212969056,0.849056978170396,-0.718814467884264,0.784858928131958,"Low","Low","Low","High"
"266",266,"6/23/2017","WSW","New",2017,NA,NA,NA,"No",NA,0,5,77.4,80.6,NA,77.4,0,-0.376415945780729,0.913525242265285,0.170517283580159,0.705485769280944,"Low","Low","High","High"
"267",267,"6/24/2017","WSW","New",2017,NA,NA,NA,"No",NA,0.01,7,77.2,80,NA,77.2,0.01,-0.358156212969056,0.88129111021784,0.763405117889774,0.586426031004426,"Low","Low","High","High"
"268",268,"6/25/2017","WSW","New",2017,NA,NA,NA,"No",NA,0.08,2,75.9,78.8,NA,75.9,0.08,-0.230338083287342,0.671769251909454,-0.718814467884264,0.348306554451387,"Low","Low","Low","High"
"269",269,"6/26/2017","NNE","Waxing crescent",2017,NA,NA,NA,"No",NA,0,1,67.2,74.6,NA,67.2,0,-0.376415945780729,-0.730415492154364,-1.01525838503907,-0.485111613484249,"High","High","Low","High"
"270",270,"6/27/2017","WSW","Waxing crescent",2017,NA,NA,NA,"No",NA,0,0,68.5,75.3,NA,68.5,0,-0.376415945780729,-0.520893633845978,-1.31170230219388,-0.346208585494976,"High","High","Low","High"
"271",271,"6/28/2017","NE","Waxing crescent",2017,NA,NA,NA,"No",NA,0,1,66.4,76.3,NA,66.4,0,-0.376415945780729,-0.859352020344139,-1.01525838503907,-0.147775688367444,"High","High","Low","High"
"272",272,"6/29/2017","S","Waxing crescent",2017,"South Carola","Wrightsville Beach, New Hanover County","19h30","Yes",NA,0,2,67.3,75.1,"New Hanover",67.3,0,-0.376415945780729,-0.714298426130643,-0.718814467884264,-0.385895164920483,"High","High","Low","High"
"273",273,"6/30/2017","SSW","First quarter",2017,NA,NA,NA,"No",NA,0.36,2,73.6,80.3,NA,73.6,0.36,0.280934435439512,0.301076733363845,-0.718814467884264,0.645955900142685,"Low","Low","Low","High"
"274",274,"7/1/2017","WSW","First quarter",2017,NA,NA,NA,"No",NA,0.58,4,76.5,79.4,NA,76.5,0.58,0.682648557296326,0.768471648051785,-0.125926633574649,0.467366292727908,"Low","Low","High","Low"
"275",275,"7/2/2017","WSW","First quarter",2017,NA,NA,NA,"No",NA,0,4,78,82.1,NA,78,0,-0.376415945780729,1.01022763840762,-0.125926633574649,1.00313511497224,"Low","Low","High","High"
"276",276,"7/3/2017","WSW","Waxing gibbous",2017,NA,NA,NA,"No",NA,0,3,77.9,82.8,NA,77.9,0,-0.376415945780729,0.994110572383895,-0.422370550729456,1.14203814296151,"Low","Low","High","High"
"277",277,"7/4/2017","SW","Waxing gibbous",2017,NA,NA,NA,"No",NA,0.13,1,76.4,80.3,NA,76.4,0.13,-0.139039419228975,0.752354582028064,-1.01525838503907,0.645955900142685,"Low","Low","Low","High"
"278",278,"7/5/2017","SSE","Waxing gibbous",2017,NA,NA,NA,"No",NA,0,0,77.3,81.1,NA,77.3,0,-0.376415945780729,0.897408176241561,-1.31170230219388,0.80470221784471,"Low","Low","Low","High"
"279",279,"7/6/2017","WSW","Waxing gibbous",2017,NA,NA,NA,"No",NA,0,3,78.4,83.7,NA,78.4,0,-0.376415945780729,1.07469590250251,-0.422370550729456,1.32062775037629,"Low","Low","High","High"
"280",280,"7/7/2017","WSW","Full",2017,NA,NA,NA,"No",NA,0.29,6,78,79.9,NA,78,0.29,0.153116305757799,1.01022763840762,0.466961200734967,0.566582741291674,"Low","Low","High","High"
"281",281,"7/8/2017","WSW","Full",2017,NA,NA,NA,"No",NA,0.06,6,78.4,79.4,NA,78.4,0.06,-0.266857548910689,1.07469590250251,0.466961200734967,0.467366292727908,"Low","Low","High","High"
"282",282,"7/9/2017","SSW","Full",2017,NA,NA,NA,"No",NA,0.09,0,74.9,78.8,NA,74.9,0.09,-0.212078350475669,0.510598591672234,-1.31170230219388,0.348306554451387,"Low","Low","Low","High"
"283",283,"7/10/2017","SW","Full",2017,NA,NA,NA,"No",NA,0.04,2,76.4,78.8,NA,76.4,0.04,-0.303377014534036,0.752354582028064,-0.718814467884264,0.348306554451387,"Low","Low","Low","High"
"284",284,"7/11/2017","SW","Waning gibbous",2017,NA,NA,NA,"No",NA,0,3,77.8,81.7,NA,77.8,0,-0.376415945780729,0.977993506360171,-0.422370550729456,0.923761956121231,"Low","Low","High","High"
"285",285,"7/12/2017","SW","Waning gibbous",2017,NA,NA,NA,"No",NA,0,4,78.7,82.2,NA,78.7,0,-0.376415945780729,1.12304710057367,-0.125926633574649,1.022978404685,"Low","Low","High","High"
"286",286,"7/13/2017","WSW","Waning gibbous",2017,NA,NA,NA,"No",NA,0,4,78.2,82.4,NA,78.2,0,-0.376415945780729,1.04246177045506,-0.125926633574649,1.0626649841105,"Low","Low","High","High"
"287",287,"7/14/2017","WSW","Waning gibbous",2017,NA,NA,NA,"No",NA,0,4,78.5,82.3,NA,78.5,0,-0.376415945780729,1.09081296852623,-0.125926633574649,1.04282169439775,"Low","Low","High","High"
"288",288,"7/15/2017","WSW","Last quarter",2017,NA,NA,NA,"No",NA,0.13,4,77.2,80.8,NA,77.2,0.13,-0.139039419228975,0.88129111021784,-0.125926633574649,0.745172348706451,"Low","Low","High","High"
"289",289,"7/16/2017","WSW","Last quarter",2017,NA,NA,NA,"No",NA,0.28,1,75,78.4,NA,75,0.28,0.134856572946125,0.526715657695955,-1.01525838503907,0.268933395600375,"High","Low","Low","High"
"290",290,"7/17/2017","S","Last quarter",2017,NA,NA,NA,"No",NA,0,0,67,75.9,NA,67,0,-0.376415945780729,-0.762649624201808,-1.31170230219388,-0.227148847218455,"High","High","Low","High"
"291",291,"7/18/2017","S","Waning crescent",2017,NA,NA,NA,"No",NA,NA,7.4,NA,78,NA,72.6,0.01,-0.358156212969056,0.139906073126625,0.881982684751697,0.189560236749362,"High","High","High","High"
"292",292,"7/19/2017","SSW","Waning crescent",2017,NA,NA,NA,"No",NA,NA,7.4,NA,82.5,NA,76,0.29,0.153116305757799,0.687886317933175,0.881982684751697,1.08250827382326,"Low","Low","High","High"
"293",293,"7/20/2017","S","Waning crescent",2017,"South Carola","Hilton Head Island, Beaufort County",NA,"Yes",NA,NA,8,NA,85,"Beaufort",79.9,0,-0.376415945780729,1.31645189285834,1.05984903504458,1.57859051664209,"Low","Low","Medium","High"
"294",294,"7/21/2017","S","Waning crescent",2017,NA,NA,NA,"No",NA,NA,11.8,NA,88,NA,79,0,-0.376415945780729,1.17139829864484,2.18633592023285,2.17388920802468,"Low","Low","Medium","High"
"295",295,"7/22/2017","WSW","New",2017,NA,NA,NA,"No",NA,NA,14.2,NA,90.5,NA,79.5,0,-0.376415945780729,1.25198362876345,2.89780132140439,2.66997145084351,"Low","Low","Medium","High"
"296",296,"7/23/2017","W","New",2017,NA,NA,NA,"No",NA,NA,13.05,NA,83,NA,74,0.04,-0.303377014534036,0.365544997458734,2.55689081667636,1.18172472238702,"Low","Low","Medium","High"
"297",297,"7/24/2017","W","New",2017,NA,NA,NA,"No",NA,NA,11.8,NA,86,NA,79.5,0.01,-0.358156212969056,1.25198362876345,2.18633592023285,1.77702341376962,"Low","Low","Medium","High"
"298",298,"7/25/2017","NE","New",2017,NA,NA,NA,"No",NA,NA,12.4,NA,80,NA,76.7,1.83,2.9651151587555,0.80070578009923,2.36420227052574,0.586426031004426,"Low","Low","Medium","Medium"
"299",299,"7/26/2017","ENE","Waxing crescent",2017,NA,NA,NA,"No",NA,NA,11.8,NA,79,NA,72.6,0.03,-0.321636747345709,0.139906073126625,2.18633592023285,0.387993133876894,"Low","High","Medium","High"
"300",300,"7/27/2017","S","Waxing crescent",2017,NA,NA,NA,"No",NA,NA,10.56,NA,82.5,NA,78,0,-0.376415945780729,1.01022763840762,1.81874546296089,1.08250827382326,"Low","Low","Medium","High"
"301",301,"7/28/2017","SSE","Waxing crescent",2017,NA,NA,NA,"No",NA,NA,6.2,NA,77,NA,70.4,0.02,-0.339896480157383,-0.214669379395258,0.526249984165928,-0.00887266037817056,"High","High","High","High"
"302",302,"7/29/2017","WSW","First quarter",2017,"South Carola","DeBordieu Colony, Georgetown County","Aternoon","Yes",NA,0.45,11.11,76,76.5,"Georgetown",76,0.45,0.445272030744573,0.687886317933175,1.98178961739603,-0.108089108941937,"High","Low","Medium","Low"
"303",303,"7/29/2017","WSW","First quarter",2017,"South Carola","Hilton Head Island, Beaufort County","15h00","Yes",NA,0.45,11.11,76,76.5,"Beaufort",76,0.45,0.445272030744573,0.687886317933175,1.98178961739603,-0.108089108941937,"High","Low","Medium","Low"
"304",304,"7/30/2017","NNE","First quarter",2017,NA,NA,NA,"No",NA,NA,19.8,NA,74,NA,57.3,0.12,-0.157299152040649,-2.32600502850285,4.55788725747131,-0.604171351760767,"High","Medium","Medium","High"
"305",305,"7/31/2017","NE","First quarter",2017,NA,NA,NA,"No",NA,NA,13.05,NA,76,NA,73.9,0,-0.376415945780729,0.349427931435013,2.55689081667636,-0.207305557505703,"High","Low","Medium","High"
"306",306,"8/1/2017","E","First quarter",2017,NA,NA,NA,"No",NA,NA,4.35,NA,80,NA,75,0,-0.376415945780729,0.526715657695955,-0.0221712625704661,0.586426031004426,"Low","Low","High","High"
"307",307,"8/2/2017","E","Waxing gibbous",2017,NA,NA,NA,"No",NA,NA,3.728,NA,79,NA,73.8,0.01,-0.358156212969056,0.33331086541129,-0.206559379040756,0.387993133876894,"Low","Low","High","High"
"308",308,"8/3/2017","SSW","Waxing gibbous",2017,NA,NA,NA,"No",NA,NA,8.078,NA,81.5,NA,75.6,0,-0.376415945780729,0.623418053838286,1.08297166058266,0.884075376695724,"Low","Low","Medium","High"
"309",309,"8/4/2017","SSW","Waxing gibbous",2017,NA,NA,NA,"No",NA,NA,7.4,NA,78,NA,73.6,2.05,3.36682928061231,0.301076733363845,0.881982684751697,0.189560236749362,"High","Low","High","Medium"
"310",310,"8/5/2017","NW","Waxing gibbous",2017,NA,NA,NA,"No",NA,NA,7.457,NA,83,NA,77.9,0.01,-0.358156212969056,0.994110572383895,0.898879988029521,1.18172472238702,"Low","Low","High","High"
"311",311,"8/9/2017","NE","Waning gibbous",2017,NA,NA,NA,"No",NA,NA,13.05,NA,74,NA,72.2,2.05,3.36682928061231,0.0754378090317383,2.55689081667636,-0.604171351760767,"High","High","Medium","Medium"
"312",312,"8/10/2017","ENE","Waning gibbous",2017,"South Carola","Sea Pes Resort, Hilton Head Island, Beaufort County","13h30","Yes",NA,NA,8.7,NA,77,"Beaufort",70.4,0,-0.376415945780729,-0.214669379395258,1.26735977705295,-0.00887266037817056,"High","High","Medium","High"
"313",313,"8/11/2017","SSE","Waning gibbous",2017,NA,NA,NA,"No",NA,NA,6.214,NA,78,NA,70.5,0.03,-0.321636747345709,-0.198552313371537,0.530400199006096,0.189560236749362,"High","High","High","High"
"314",314,"8/12/2017","SSW","Waning gibbous",2017,NA,NA,NA,"No",NA,NA,13.05,NA,80,NA,75.8,0.09,-0.212078350475669,0.655652185885731,2.55689081667636,0.586426031004426,"Low","Low","Medium","High"
"315",315,"8/13/2017","ENE","Last quarter",2017,NA,NA,NA,"No",NA,NA,8.7,NA,79,NA,74.6,0,-0.376415945780729,0.462247393601066,1.26735977705295,0.387993133876894,"Low","Low","Medium","High"
"316",316,"8/14/2017","S","Last quarter",2017,NA,NA,NA,"No",NA,NA,8,NA,81.5,NA,75.6,0,-0.376415945780729,0.623418053838286,1.05984903504458,0.884075376695724,"Low","Low","Medium","High"
"317",317,"8/15/2017","SSW","Last quarter",2017,NA,NA,NA,"No",NA,NA,7.45,NA,84,NA,78.4,0,-0.376415945780729,1.07469590250251,0.896804880609438,1.38015761951455,"Low","Low","High","High"
"318",318,"8/16/2017","ENE","Last quarter",2017,NA,NA,NA,"No",NA,NA,9.32,NA,81.5,NA,78.7,0,-0.376415945780729,1.12304710057367,1.45115500568893,0.884075376695724,"Low","Low","Medium","High"
"319",319,"8/17/2017","ESE","Waning crescent",2017,NA,NA,NA,"No",NA,NA,7.4,NA,83,NA,77.3,0,-0.376415945780729,0.897408176241561,0.881982684751697,1.18172472238702,"Low","Low","High","High"
"320",320,"8/18/2017","SW","Waning crescent",2017,NA,NA,NA,"No",NA,NA,13.05,NA,82.5,NA,76,0.02,-0.339896480157383,0.687886317933175,2.55689081667636,1.08250827382326,"Low","Low","Medium","High"
"321",321,"8/19/2017","NW","Waning crescent",2017,NA,NA,NA,"No",NA,NA,3.728,NA,85,NA,79,0,-0.376415945780729,1.17139829864484,-0.206559379040756,1.57859051664209,"Low","Low","High","High"
"322",322,"8/20/2017","N","New",2017,NA,NA,NA,"No",NA,NA,8.8,NA,83,NA,76,0.53,0.59134989323796,0.687886317933175,1.29700416876843,1.18172472238702,"Low","Low","Medium","Low"
"323",323,"8/21/2017","ESE","New",2017,NA,NA,NA,"No",NA,NA,6.2,NA,83.5,NA,78.4,0.62,0.75568748854302,1.07469590250251,0.526249984165928,1.28094117095079,"Low","Low","High","Low"
"324",324,"8/22/2017","SSW","New",2017,NA,NA,NA,"No",NA,NA,14.9,NA,84,NA,79.5,2.25,3.73202393684578,1.25198362876345,3.10531206341276,1.38015761951455,"Low","Low","Medium","Medium"
"325",325,"8/23/2017","WSW","New",2017,NA,NA,NA,"No",NA,0,5,79,83.1,NA,79,0,-0.376415945780729,1.17139829864484,0.170517283580159,1.20156801209977,"Low","Low","High","High"
"326",326,"8/24/2017","NE","Waxing crescent",2017,NA,NA,NA,"No",NA,0,3,72.1,78.8,NA,72.1,0,-0.376415945780729,0.0593207430080148,-0.422370550729456,0.348306554451387,"Low","High","High","High"
"327",327,"8/25/2017","E","Waxing crescent",2017,NA,NA,NA,"No",NA,0,2,70.5,79.8,NA,70.5,0,-0.376415945780729,-0.198552313371537,-0.718814467884264,0.546739451578919,"Low","High","Low","High"
"328",328,"8/26/2017","E","Waxing crescent",2017,NA,NA,NA,"No",NA,0,3,70.8,79.8,NA,70.8,0,-0.376415945780729,-0.150201115300371,-0.422370550729456,0.546739451578919,"Low","High","High","High"
"329",329,"8/27/2017","NE","Waxing crescent",2017,NA,NA,NA,"No",NA,0,6,67.8,76.9,NA,67.8,0,-0.376415945780729,-0.633713096012032,0.466961200734967,-0.0287159500909226,"High","High","High","High"
"330",330,"8/28/2017","E","First quarter",2017,NA,NA,NA,"No",NA,3.06,3,71.3,74.9,NA,71.3,3.06,5.21106229459132,-0.069615785181761,-0.422370550729456,-0.425581744345987,"High","High","High","Medium"
"331",331,"8/29/2017","NNW","First quarter",2017,NA,NA,NA,"No",NA,3.83,5,73.6,76.2,NA,73.6,3.83,6.61706172109017,0.301076733363845,0.170517283580159,-0.167618978080196,"High","Low","High","Medium"
"332",332,"8/30/2017","N","First quarter",2017,NA,NA,NA,"No",NA,0.02,4,67.2,72.6,NA,67.2,0.02,-0.339896480157383,-0.730415492154364,-0.125926633574649,-0.881977407739313,"High","High","High","High"
"333",333,"8/31/2017","WSW","Waxing gibbous",2017,NA,NA,NA,"No",NA,0,3,71.8,75.1,NA,71.8,0,-0.376415945780729,0.0109695449368492,-0.422370550729456,-0.385895164920483,"High","High","High","High"
"334",334,"9/1/2017","NNW","Waxing gibbous",2017,NA,NA,NA,"No",NA,1.12,3,73.9,76.8,NA,73.9,1.12,1.66867412912669,0.349427931435013,-0.422370550729456,-0.0485592398036775,"High","Low","High","Low"
"335",335,"9/2/2017","S","Waxing gibbous",2017,NA,NA,NA,"No",NA,3.9,3,73.6,76.4,NA,73.6,3.9,6.74487985077189,0.301076733363845,-0.422370550729456,-0.127932398654689,"High","Low","High","Medium"
"336",336,"9/3/2017","W","Waxing gibbous",2017,NA,NA,NA,"No",NA,0.32,3,71.2,76.8,NA,71.2,0.32,0.207895504192819,-0.0857328512054821,-0.422370550729456,-0.0485592398036775,"High","High","High","High"
"337",337,"9/4/2017","SW","Full",2017,NA,NA,NA,"No",NA,0,2,66,74.1,NA,66,0,-0.376415945780729,-0.923820284439029,-0.718814467884264,-0.584328062048015,"High","High","Low","High"
"338",338,"9/5/2017","SW","Full",2017,NA,NA,NA,"No",NA,0,4,72.4,79.2,NA,72.4,0,-0.376415945780729,0.107671941079183,-0.125926633574649,0.427679713302401,"Low","High","High","High"
"339",339,"9/6/2017","S","Full",2017,NA,NA,NA,"No",NA,1.1,5,73.2,76.7,NA,73.2,1.1,1.63215466350334,0.236608469268959,0.170517283580159,-0.0684025295164296,"High","Low","High","Low"
"340",340,"9/7/2017","NNW","Full",2017,NA,NA,NA,"No",NA,0.06,2,64.3,69.7,NA,64.3,0.06,-0.266857548910689,-1.1978104068423,-0.718814467884264,-1.45743280940915,"Medium","Medium","Low","High"
"341",341,"9/8/2017","NNE","Waning gibbous",2017,NA,NA,NA,"No",NA,0,2,56.3,68.8,NA,56.3,0,-0.376415945780729,-2.48717568874007,-0.718814467884264,-1.63602241682393,"Medium","Medium","Low","High"
"342",342,"9/9/2017","NE","Waning gibbous",2017,NA,NA,NA,"No",NA,0,4,57.6,72.5,NA,57.6,0,-0.376415945780729,-2.27765383043168,-0.125926633574649,-0.901820697452065,"High","Medium","High","High"
"343",343,"9/10/2017","NE","Waning gibbous",2017,NA,NA,NA,"No",NA,0,5,57.8,71.1,NA,57.8,0,-0.376415945780729,-2.24541969838424,0.170517283580159,-1.17962675343061,"High","Medium","High","High"
"344",344,"9/11/2017","E","Waning gibbous",2017,NA,NA,NA,"No",NA,0,5,63.6,75.7,NA,63.6,0,-0.376415945780729,-1.31062986900836,0.170517283580159,-0.266835426643962,"High","Medium","High","High"
"345",345,"9/12/2017","SE","Last quarter",2017,NA,NA,NA,"No",NA,0,5,70.5,78.1,NA,70.5,0,-0.376415945780729,-0.198552313371537,0.170517283580159,0.209403526462114,"High","High","High","High"
"346",346,"9/13/2017","WSW","Last quarter",2017,NA,NA,NA,"No",NA,0.2,2,71.6,77.3,NA,71.6,0.2,-0.0112212895472618,-0.0212645871105953,-0.718814467884264,0.0506572087600885,"High","High","Low","High"
"347",347,"9/14/2017","SW","Last quarter",2017,NA,NA,NA,"No",NA,0.26,2,71.7,77.4,NA,71.7,0.26,0.0983371073227785,-0.00514752108687193,-0.718814467884264,0.0705004984728434,"High","High","Low","High"
"348",348,"9/15/2017","WSW","Waning crescent",2017,NA,NA,NA,"No",NA,0.24,1,72.6,77.2,NA,72.6,0.24,0.0618176416994317,0.139906073126625,-1.01525838503907,0.0308139190473364,"High","High","Low","High"
"349",349,"9/16/2017","N","Waning crescent",2017,NA,NA,NA,"No",NA,0.01,2,73.2,75.6,NA,73.2,0.01,-0.358156212969056,0.236608469268959,-0.718814467884264,-0.286678716356717,"High","Low","Low","High"
"350",350,"9/17/2017","NNE","Waning crescent",2017,NA,NA,NA,"No",NA,0.02,2,74.5,76.9,NA,74.5,0.02,-0.339896480157383,0.446130327577345,-0.718814467884264,-0.0287159500909226,"High","Low","Low","High"
"351",351,"9/18/2017","NNE","Waning crescent",2017,NA,NA,NA,"No",NA,0,4,73,75.6,NA,73,0,-0.376415945780729,0.204374337221514,-0.125926633574649,-0.286678716356717,"High","High","High","High"
"352",352,"9/19/2017","NNW","New",2017,NA,NA,NA,"No",NA,0.05,11,69.7,73.6,NA,69.7,0.05,-0.285117281722363,-0.327488841561313,1.949180786509,-0.683544510611781,"High","High","Medium","High"
"353",353,"9/20/2017","SW","New",2017,NA,NA,NA,"No",NA,0,0,73.3,75.8,NA,73.3,0,-0.376415945780729,0.25272553529268,-1.31170230219388,-0.24699213693121,"High","Low","Low","High"
"354",354,"9/21/2017","N","New",2017,NA,NA,NA,"No",NA,0,1,70.4,76.6,NA,70.4,0,-0.376415945780729,-0.214669379395258,-1.01525838503907,-0.0882458192291845,"High","High","Low","High"
"355",355,"9/22/2017","WNW","New",2017,NA,NA,NA,"No",NA,0.01,1,69.8,75.2,NA,69.8,0.01,-0.358156212969056,-0.311371775537592,-1.01525838503907,-0.366051875207728,"High","High","Low","High"
"356",356,"9/23/2017","NNE","Waxing crescent",2017,NA,NA,NA,"No",NA,0,1,69.1,75.5,NA,69.1,0,-0.376415945780729,-0.424191237703646,-1.01525838503907,-0.306522006069469,"High","High","Low","High"
"357",357,"9/24/2017","NE","Waxing crescent",2017,NA,NA,NA,"No",NA,0,4,69.8,75.1,NA,69.8,0,-0.376415945780729,-0.311371775537592,-0.125926633574649,-0.385895164920483,"High","High","High","High"
"358",358,"9/25/2017","NE","Waxing crescent",2017,NA,NA,NA,"No",NA,0,6,72.6,75.7,NA,72.6,0,-0.376415945780729,0.139906073126625,0.466961200734967,-0.266835426643962,"High","High","High","High"
"359",359,"9/26/2017","NNE","First quarter",2017,NA,NA,NA,"No",NA,0.11,12,74.3,77.4,NA,74.3,0.11,-0.175558884852322,0.4138961955299,2.24562470366381,0.0705004984728434,"High","Low","Medium","High"
"360",360,"9/27/2017","N","First quarter",2017,NA,NA,NA,"No",NA,0.06,14,73.9,77.3,NA,73.9,0.06,-0.266857548910689,0.349427931435013,2.83851253797343,0.0506572087600885,"High","Low","Medium","High"
"361",361,"9/28/2017","NW","First quarter",2017,NA,NA,NA,"No",NA,0,4,71.6,79.2,NA,71.6,0,-0.376415945780729,-0.0212645871105953,-0.125926633574649,0.427679713302401,"Low","High","High","High"
"362",362,"9/29/2017","NE","First quarter",2017,NA,NA,NA,"No",NA,0.01,3,60.5,69.5,NA,60.5,0.01,-0.358156212969056,-1.81025891574374,-0.422370550729456,-1.49711938883466,"Medium","Medium","High","High"
"363",363,"9/30/2017","NNE","Waxing gibbous",2017,NA,NA,NA,"No",NA,0.01,4,59.5,69.6,NA,59.5,0.01,-0.358156212969056,-1.97142957598096,-0.125926633574649,-1.47727609912191,"Medium","Medium","High","High"
"364",364,"5/1/2018","WSW","Full",2018,NA,NA,NA,"No",NA,0,5,55.6,67.8,NA,55.6,0,-0.376415945780729,-2.59999515090612,0.170517283580159,-1.83445531395147,"Medium","Medium","High","High"
"365",365,"5/2/2018","WSW","Waning gibbous",2018,NA,NA,NA,"No",NA,0,5,59.3,70.1,NA,59.3,0,-0.376415945780729,-2.00366370802841,0.170517283580159,-1.37805965055814,"Medium","Medium","High","High"
"366",366,"5/3/2018","SW","Waning gibbous",2018,NA,NA,NA,"No",NA,0,6,63,68.7,NA,63,0,-0.376415945780729,-1.40733226515069,0.466961200734967,-1.65586570653669,"Medium","Medium","High","High"
"367",367,"5/4/2018","SW","Waning gibbous",2018,NA,NA,NA,"No",NA,0,6,63.6,70.1,NA,63.6,0,-0.376415945780729,-1.31062986900836,0.466961200734967,-1.37805965055814,"Medium","Medium","High","High"
"368",368,"5/5/2018","SW","Waning gibbous",2018,NA,NA,NA,"No",NA,0.55,4,65.1,72.1,NA,65.1,0.55,0.627869358861306,-1.06887387865253,-0.125926633574649,-0.981193856303079,"High","High","High","Low"
"369",369,"5/6/2018","SW","Last quarter",2018,NA,NA,NA,"No",NA,3.58,2,68.7,69.5,NA,68.7,3.58,6.16056840079834,-0.488659501798533,-0.718814467884264,-1.49711938883466,"Medium","High","Low","Medium"
"370",370,"5/7/2018","NNE","Last quarter",2018,NA,NA,NA,"No",NA,0.01,4,63.2,64.2,NA,63.2,0.01,-0.358156212969056,-1.37509813310325,-0.125926633574649,-2.54881374361058,"Medium","Medium","High","High"
"371",371,"5/8/2018","NNE","Last quarter",2018,NA,NA,NA,"No",NA,0,7,58.8,60.3,NA,58.8,0,-0.376415945780729,-2.08424903814702,0.763405117889774,-3.32270204240796,"Medium","Medium","High","High"
"372",372,"5/9/2018","NNE","Last quarter",2018,NA,NA,NA,"No",NA,0,6,57.9,59,NA,57.9,0,-0.376415945780729,-2.22930263236051,0.466961200734967,-3.58066480867375,"Medium","Medium","High","High"
"373",373,"5/10/2018","SW","Waning crescent",2018,NA,NA,NA,"No",NA,0.01,3,63.4,64.3,NA,63.4,0.01,-0.358156212969056,-1.3428640010558,-0.422370550729456,-2.52897045389783,"Medium","Medium","High","High"
"374",374,"5/11/2018","WSW","Waning crescent",2018,NA,NA,NA,"No",NA,0.02,3,66.1,73.6,NA,66.1,0.02,-0.339896480157383,-0.907703218415307,-0.422370550729456,-0.683544510611781,"High","High","High","High"
"375",375,"5/12/2018","SSW","Waning crescent",2018,NA,NA,NA,"No",NA,0.01,3,69.9,74,NA,69.9,0.01,-0.358156212969056,-0.295254709513868,-0.422370550729456,-0.604171351760767,"High","High","High","High"
"376",376,"5/13/2018","SW","New",2018,"South Carola","Hilton Head Island, Beaufort County","15h00","Yes",NA,0,7,71.4,74.9,"Beaufort",71.4,0,-0.376415945780729,-0.0534987191580376,0.763405117889774,-0.425581744345987,"High","High","High","High"
"377",377,"5/14/2018","SW","New",2018,NA,NA,NA,"No",NA,0,7,71.4,74.5,NA,71.4,0,-0.376415945780729,-0.0534987191580376,0.763405117889774,-0.504954903197001,"High","High","High","High"
"378",378,"5/15/2018","SW","New",2018,NA,NA,NA,"No",NA,0,4,72.2,74.8,NA,72.2,0,-0.376415945780729,0.0754378090317383,-0.125926633574649,-0.445425034058742,"High","High","High","High"
"379",379,"5/16/2018","SSW","New",2018,NA,NA,NA,"No",NA,0.29,4,71.9,74.6,NA,71.9,0.29,0.153116305757799,0.0270866109605726,-0.125926633574649,-0.485111613484249,"High","High","High","High"
"380",380,"5/17/2018","SSW","Waxing crescent",2018,NA,NA,NA,"No",NA,0.29,4,71.1,72.5,NA,71.1,0.29,0.153116305757799,-0.101849917229206,-0.125926633574649,-0.901820697452065,"High","High","High","High"
"381",381,"5/18/2018","SSW","Waxing crescent",2018,NA,NA,NA,"No",NA,0.11,5,73,76.1,NA,73,0.11,-0.175558884852322,0.204374337221514,0.170517283580159,-0.187462267792951,"High","High","High","High"
"382",382,"5/19/2018","S","Waxing crescent",2018,NA,NA,NA,"No",NA,0,6,72.4,77,NA,72.4,0,-0.376415945780729,0.107671941079183,0.466961200734967,-0.00887266037817056,"High","High","High","High"
"383",383,"5/20/2018","SW","Waxing crescent",2018,NA,NA,NA,"No",NA,0.02,6,72.1,76.3,NA,72.1,0.02,-0.339896480157383,0.0593207430080148,0.466961200734967,-0.147775688367444,"High","High","High","High"
"384",384,"5/21/2018","WSW","First quarter",2018,"South Carola","Isle o Palms,  Charleston County",NA,"Yes",NA,0,5,72.4,76.6,"Charleston",72.4,0,-0.376415945780729,0.107671941079183,0.170517283580159,-0.0882458192291845,"High","High","High","High"
"385",385,"5/22/2018","SW","First quarter",2018,NA,NA,NA,"No",NA,0,4,72.7,76.1,NA,72.7,0,-0.376415945780729,0.156023139150348,-0.125926633574649,-0.187462267792951,"High","High","High","High"
"386",386,"5/23/2018","WSW","First quarter",2018,NA,NA,NA,"No",NA,0.81,7,72,73.4,NA,72,0.81,1.10262241196481,0.0432036769842937,0.763405117889774,-0.723231090037285,"High","High","High","Low"
"387",387,"5/24/2018","NE","Waxing gibbous",2018,NA,NA,NA,"No",NA,0.01,2,67.9,71.2,NA,67.9,0.01,-0.358156212969056,-0.617596029988309,-0.718814467884264,-1.15978346371786,"High","High","Low","High"
"388",388,"5/25/2018","S","Waxing gibbous",2018,NA,NA,NA,"No",NA,0.01,3,68.8,71.8,NA,68.8,0.01,-0.358156212969056,-0.472542435774812,-0.422370550729456,-1.04072372544134,"High","High","High","High"
"389",389,"5/26/2018","SW","Waxing gibbous",2018,NA,NA,NA,"No",NA,0,4,73.9,77.1,NA,73.9,0,-0.376415945780729,0.349427931435013,-0.125926633574649,0.0109706293345815,"High","Low","High","High"
"390",390,"5/27/2018","SW","Waxing gibbous",2018,NA,NA,NA,"No",NA,0,4,74.2,77.6,NA,74.2,0,-0.376415945780729,0.397779129506179,-0.125926633574649,0.110187077898348,"High","Low","High","High"
"391",391,"5/28/2018","S","Full",2018,NA,NA,NA,"No",NA,2.05,2,73.4,75.4,NA,73.4,2.05,3.36682928061231,0.268842601316403,-0.718814467884264,-0.326365295782221,"High","Low","Low","Medium"
"392",392,"5/29/2018","WSW","Full",2018,NA,NA,NA,"No",NA,0.74,1,74.9,76.9,NA,74.9,0.74,0.974804282283101,0.510598591672234,-1.01525838503907,-0.0287159500909226,"High","Low","Low","Low"
"393",393,"5/30/2018","SSW","Full",2018,NA,NA,NA,"No",NA,0.09,1,75.5,77.7,NA,75.5,0.09,-0.212078350475669,0.607300987814565,-1.01525838503907,0.130030367611102,"High","Low","Low","High"
"394",394,"5/31/2018","SW","Full",2018,NA,NA,NA,"No",NA,0,3,75.6,78.8,NA,75.6,0,-0.376415945780729,0.623418053838286,-0.422370550729456,0.348306554451387,"Low","Low","High","High"
"395",395,"6/1/2018","WSW","Waning gibbous",2018,NA,NA,NA,"No",NA,0,4,75.8,79.6,NA,75.8,0,-0.376415945780729,0.655652185885731,-0.125926633574649,0.507052872153412,"Low","Low","High","High"
"396",396,"6/2/2018","SW","Waning gibbous",2018,NA,NA,NA,"No",NA,0,4,75.1,78.6,NA,75.1,0,-0.376415945780729,0.542832723719676,-0.125926633574649,0.30861997502588,"Low","Low","High","High"
"397",397,"6/3/2018","SW","Waning gibbous",2018,NA,NA,NA,"No",NA,0.49,3,73.2,75.9,NA,73.2,0.49,0.518310961991266,0.236608469268959,-0.422370550729456,-0.227148847218455,"High","Low","High","Low"
"398",398,"6/4/2018","NNW","Last quarter",2018,NA,NA,NA,"No",NA,0.01,3,67.6,73.1,NA,67.6,0.01,-0.358156212969056,-0.665947228059477,-0.422370550729456,-0.782760959175547,"High","High","High","High"
"399",399,"6/5/2018","WSW","Last quarter",2018,NA,NA,NA,"No",NA,0,2,68.7,74.2,NA,68.7,0,-0.376415945780729,-0.488659501798533,-0.718814467884264,-0.56448477233526,"High","High","Low","High"
"400",400,"6/6/2018","SW","Last quarter",2018,NA,NA,NA,"No",NA,0.03,2,67.9,75.8,NA,67.9,0.03,-0.321636747345709,-0.617596029988309,-0.718814467884264,-0.24699213693121,"High","High","Low","High"
"401",401,"6/7/2018","ENE","Last quarter",2018,NA,NA,NA,"No",NA,0,2,67.8,73.6,NA,67.8,0,-0.376415945780729,-0.633713096012032,-0.718814467884264,-0.683544510611781,"High","High","Low","High"
"402",402,"6/8/2018","SE","Waning crescent",2018,NA,NA,NA,"No",NA,0,2,71,76.5,NA,71,0,-0.376415945780729,-0.117966983252927,-0.718814467884264,-0.108089108941937,"High","High","Low","High"
"403",403,"6/9/2018","S","Waning crescent",2018,NA,NA,NA,"No",NA,0,2,72.6,76,NA,72.6,0,-0.376415945780729,0.139906073126625,-0.718814467884264,-0.207305557505703,"High","High","Low","High"
"404",404,"6/10/2018","S","Waning crescent",2018,NA,NA,NA,"No",NA,0,1,74,78.7,NA,74,0,-0.376415945780729,0.365544997458734,-1.01525838503907,0.328463264738635,"Low","Low","Low","High"
"405",405,"6/11/2018","NNW","Waning crescent",2018,NA,NA,NA,"No",NA,0.69,2,72.7,75.9,NA,72.7,0.69,0.883505618224734,0.156023139150348,-0.718814467884264,-0.227148847218455,"High","High","Low","Low"
"406",406,"6/12/2018","ESE","New",2018,NA,NA,NA,"No",NA,0.02,4,71.9,74.1,NA,71.9,0.02,-0.339896480157383,0.0270866109605726,-0.125926633574649,-0.584328062048015,"High","High","High","High"
"407",407,"6/13/2018","SW","New",2018,NA,NA,NA,"No",NA,0.01,4,74.2,77.2,NA,74.2,0.01,-0.358156212969056,0.397779129506179,-0.125926633574649,0.0308139190473364,"High","Low","High","High"
"408",408,"6/14/2018","WSW","New",2018,NA,NA,NA,"No",NA,0,3,75.7,80,NA,75.7,0,-0.376415945780729,0.63953511986201,-0.422370550729456,0.586426031004426,"Low","Low","High","High"
"409",409,"6/15/2018","NE","Waxing crescent",2018,NA,NA,NA,"No",NA,0,1,67.2,75.9,NA,67.2,0,-0.376415945780729,-0.730415492154364,-1.01525838503907,-0.227148847218455,"High","High","Low","High"
"410",410,"6/16/2018","E","Waxing crescent",2018,NA,NA,NA,"No",NA,0,1,64.9,73.2,NA,64.9,0,-0.376415945780729,-1.10110801069997,-1.01525838503907,-0.762917669462792,"High","High","Low","High"
"411",411,"6/17/2018","SW","Waxing crescent",2018,NA,NA,NA,"No",NA,0,4,73.8,76.4,NA,73.8,0,-0.376415945780729,0.33331086541129,-0.125926633574649,-0.127932398654689,"High","Low","High","High"
"412",412,"6/18/2018","SW","Waxing crescent",2018,NA,NA,NA,"No",NA,0,4,76.5,79.3,NA,76.5,0,-0.376415945780729,0.768471648051785,-0.125926633574649,0.447523003015153,"Low","Low","High","High"
"413",413,"6/19/2018","WSW","First quarter",2018,NA,NA,NA,"No",NA,0,3,78.8,85.4,NA,78.8,0,-0.376415945780729,1.13916416659739,-0.422370550729456,1.6579636754931,"Low","Low","High","High"
"414",414,"6/20/2018","N","First quarter",2018,NA,NA,NA,"No",NA,0.02,3,77.7,80.6,NA,77.7,0.02,-0.339896480157383,0.96187644033645,-0.422370550729456,0.705485769280944,"Low","Low","High","High"
"415",415,"6/21/2018","WSW","First quarter",2018,NA,NA,NA,"No",NA,0.01,4,77.9,79.7,NA,77.9,0.01,-0.358156212969056,0.994110572383895,-0.125926633574649,0.526896161866167,"Low","Low","High","High"
"416",416,"6/22/2018","SSW","First quarter",2018,NA,NA,NA,"No",NA,0.29,4,78.1,80.2,NA,78.1,0.29,0.153116305757799,1.02634470443134,-0.125926633574649,0.626112610429933,"Low","Low","High","High"
"417",417,"6/23/2018","SW","Waxing gibbous",2018,NA,NA,NA,"No",NA,0,6,79.9,83.2,NA,79.9,0,-0.376415945780729,1.31645189285834,0.466961200734967,1.22141130181253,"Low","Low","High","High"
"418",418,"6/24/2018","SW","Waxing gibbous",2018,NA,NA,NA,"No",NA,0.03,6,78.1,81.4,NA,78.1,0.03,-0.321636747345709,1.02634470443134,0.466961200734967,0.864232086982972,"Low","Low","High","High"
"419",419,"6/25/2018","WNW","Waxing gibbous",2018,NA,NA,NA,"No",NA,0.01,2,75.3,79.8,NA,75.3,0.01,-0.358156212969056,0.57506685576712,-0.718814467884264,0.546739451578919,"Low","Low","Low","High"
"420",420,"6/26/2018","E","Full",2018,NA,NA,NA,"No",NA,0.01,2,72.1,78,NA,72.1,0.01,-0.358156212969056,0.0593207430080148,-0.718814467884264,0.189560236749362,"High","High","Low","High"
"421",421,"6/27/2018","ESE","Full",2018,NA,NA,NA,"No",NA,0.74,2,74.6,78.3,NA,74.6,0.74,0.974804282283101,0.462247393601066,-0.718814467884264,0.249090105887621,"High","Low","Low","Low"
"422",422,"6/28/2018","SW","Full",2018,NA,NA,NA,"No",NA,0.01,5,76.3,79.4,NA,76.3,0.01,-0.358156212969056,0.736237516004341,0.170517283580159,0.467366292727908,"Low","Low","High","High"
"423",423,"6/29/2018","NE","Full",2018,NA,NA,NA,"No",NA,0.02,1,76.9,80.1,NA,76.9,0.02,-0.339896480157383,0.832939912146675,-1.01525838503907,0.606269320717178,"Low","Low","Low","High"
"424",424,"6/30/2018","SE","Waning gibbous",2018,NA,NA,NA,"No",NA,0,1,74.6,79.8,NA,74.6,0,-0.376415945780729,0.462247393601066,-1.01525838503907,0.546739451578919,"Low","Low","Low","High"
"425",425,"7/1/2018","SE","Waning gibbous",2018,NA,NA,NA,"No",NA,0,1,76.4,80.4,NA,76.4,0,-0.376415945780729,0.752354582028064,-1.01525838503907,0.66579918985544,"Low","Low","Low","High"
"426",426,"7/2/2018","E","Waning gibbous",2018,NA,NA,NA,"No",NA,0.01,0,76.7,80.6,NA,76.7,0.01,-0.358156212969056,0.80070578009923,-1.31170230219388,0.705485769280944,"Low","Low","Low","High"
"427",427,"7/3/2018","E","Waning gibbous",2018,NA,NA,NA,"No",NA,0,1,75.6,81.1,NA,75.6,0,-0.376415945780729,0.623418053838286,-1.01525838503907,0.80470221784471,"Low","Low","Low","High"
"428",428,"7/4/2018","ESE","Last quarter",2018,NA,NA,NA,"No",NA,0,1,76.8,82.6,NA,76.8,0,-0.376415945780729,0.816822846122951,-1.01525838503907,1.10235156353601,"Low","Low","Low","High"
"429",429,"7/5/2018","SE","Last quarter",2018,NA,NA,NA,"No",NA,0.01,2,76.9,81.2,NA,76.9,0.01,-0.358156212969056,0.832939912146675,-0.718814467884264,0.824545507557465,"Low","Low","Low","High"
"430",430,"7/6/2018","SE","Last quarter",2018,NA,NA,NA,"No",NA,0,1,75.7,80.4,NA,75.7,0,-0.376415945780729,0.63953511986201,-1.01525838503907,0.66579918985544,"Low","Low","Low","High"
"431",431,"7/7/2018","NE","Last quarter",2018,NA,NA,NA,"No",NA,0.04,5,75.9,78.9,NA,75.9,0.04,-0.303377014534036,0.671769251909454,0.170517283580159,0.368149844164142,"Low","Low","High","High"
"432",432,"7/8/2018","NNE","Waning crescent",2018,NA,NA,NA,"No",NA,0.91,5,73.7,76.4,NA,73.7,0.91,1.28521974008155,0.317193799387569,0.170517283580159,-0.127932398654689,"High","Low","High","Low"
"433",433,"7/9/2018","NNE","Waning crescent",2018,NA,NA,NA,"No",NA,0.04,6,72.6,75.5,NA,72.6,0.04,-0.303377014534036,0.139906073126625,0.466961200734967,-0.306522006069469,"High","High","High","High"
"434",434,"7/10/2018","N","Waning crescent",2018,NA,NA,NA,"No",NA,0,4,69.2,75.1,NA,69.2,0,-0.376415945780729,-0.408074171679923,-0.125926633574649,-0.385895164920483,"High","High","High","High"
"435",435,"7/11/2018","SW","New",2018,NA,NA,NA,"No",NA,0,3,72.6,78.5,NA,72.6,0,-0.376415945780729,0.139906073126625,-0.422370550729456,0.288776685313128,"Low","High","High","High"
"436",436,"7/12/2018","ESE","New",2018,NA,NA,NA,"No",NA,0.44,2,75,76.9,NA,75,0.44,0.427012297932899,0.526715657695955,-0.718814467884264,-0.0287159500909226,"High","Low","Low","Low"
"437",437,"7/13/2018","NE","New",2018,NA,NA,NA,"No",NA,0.01,2,73.8,77.9,NA,73.8,0.01,-0.358156212969056,0.33331086541129,-0.718814467884264,0.169716947036609,"High","Low","Low","High"
"438",438,"7/14/2018","NE","New",2018,NA,NA,NA,"No",NA,0,2,70.2,76.1,NA,70.2,0,-0.376415945780729,-0.246903511442702,-0.718814467884264,-0.187462267792951,"High","High","Low","High"
"439",439,"7/15/2018","SSW","Waxing crescent",2018,NA,NA,NA,"No",NA,0,1,72,78.3,NA,72,0,-0.376415945780729,0.0432036769842937,-1.01525838503907,0.249090105887621,"High","High","Low","High"
"440",440,"7/16/2018","S","Waxing crescent",2018,NA,NA,NA,"No",NA,0,2,76.2,80.6,NA,76.2,0,-0.376415945780729,0.72012044998062,-0.718814467884264,0.705485769280944,"Low","Low","Low","High"
"441",441,"7/17/2018","SW","Waxing crescent",2018,NA,NA,NA,"No",NA,0.6,6,77.3,79.8,NA,77.3,0.6,0.719168022919673,0.897408176241561,0.466961200734967,0.546739451578919,"Low","Low","High","Low"
"442",442,"7/18/2018","NNW","Waxing crescent",2018,NA,NA,NA,"No",NA,0,3,75.6,78.6,NA,75.6,0,-0.376415945780729,0.623418053838286,-0.422370550729456,0.30861997502588,"Low","Low","High","High"
"443",443,"7/19/2018","ENE","First quarter",2018,NA,NA,NA,"No",NA,0,1,72.9,79.1,NA,72.9,0,-0.376415945780729,0.188257271197793,-1.01525838503907,0.407836423589646,"Low","High","Low","High"
"444",444,"7/20/2018","ESE","First quarter",2018,NA,NA,NA,"No",NA,1.64,3,71.6,76.9,NA,71.6,1.64,2.6181802353337,-0.0212645871105953,-0.422370550729456,-0.0287159500909226,"High","High","High","Medium"
"445",445,"7/21/2018","S","First quarter",2018,NA,NA,NA,"No",NA,1.99,8,76.1,77.4,NA,76.1,1.99,3.25727088374227,0.704003383956896,1.05984903504458,0.0705004984728434,"High","Low","Medium","Medium"
"446",446,"7/22/2018","S","Waxing gibbous",2018,NA,NA,NA,"No",NA,0,6,78.7,81.4,NA,78.7,0,-0.376415945780729,1.12304710057367,0.466961200734967,0.864232086982972,"Low","Low","High","High"
"447",447,"7/23/2018","S","Waxing gibbous",2018,NA,NA,NA,"No",NA,1.06,10,76.5,77.8,NA,76.5,1.06,1.55911573225665,0.768471648051785,1.6527368693542,0.149873657323855,"High","Low","Medium","Low"
"448",448,"7/24/2018","S","Waxing gibbous",2018,NA,NA,NA,"No",NA,1.83,8,75.3,77.2,NA,75.3,1.83,2.9651151587555,0.57506685576712,1.05984903504458,0.0308139190473364,"High","Low","Medium","Medium"
"449",449,"7/25/2018","SW","Waxing gibbous",2018,NA,NA,NA,"No",NA,2.39,5,75.1,76.9,NA,75.1,2.39,3.98766019620921,0.542832723719676,0.170517283580159,-0.0287159500909226,"High","Low","High","Medium"
"450",450,"7/26/2018","SW","Full",2018,NA,NA,NA,"No",NA,0.2,3,76.6,78.6,NA,76.6,0.2,-0.0112212895472618,0.784588714075507,-0.422370550729456,0.30861997502588,"Low","Low","High","High"
"451",451,"7/27/2018","SW","Full",2018,NA,NA,NA,"No",NA,0.29,4,77.7,78.4,NA,77.7,0.29,0.153116305757799,0.96187644033645,-0.125926633574649,0.268933395600375,"High","Low","High","High"
"452",452,"7/28/2018","SSW","Full",2018,NA,NA,NA,"No",NA,2.15,4,74.8,75.2,NA,74.8,2.15,3.54942660872905,0.49448152564851,-0.125926633574649,-0.366051875207728,"High","Low","High","Medium"
"453",453,"7/29/2018","SSW","Full",2018,NA,NA,NA,"No",NA,0.86,3,75.2,76.9,NA,75.2,0.86,1.19392107602318,0.558949789743399,-0.422370550729456,-0.0287159500909226,"High","Low","High","Low"
"454",454,"7/30/2018","SSW","Waning gibbous",2018,NA,NA,NA,"No",NA,0.13,2,76.6,79.4,NA,76.6,0.13,-0.139039419228975,0.784588714075507,-0.718814467884264,0.467366292727908,"Low","Low","Low","High"
