"","Sno","Date","Wd.Direction","moonphase","Year","Area","Location","Time","Attack","time.o.attack","DailyPrecipitation","DailyAverageWdSpeed","DailyAverageDewPotTemp","DailyAverageTemperature","County","DailyAverageDewPotTemp_imputed","DailyPrecipitation_imputed","binned.DailyAverageTemperature","binned.DailyAverageDewPotTemp","binned.DailyAverageWdSpeed","binned.DailyPrecipitation","DailyPrecipitation_normalized","DailyAverageDewPotTemp_normalized","DailyAverageWdSpeed_normalized","DailyAverageTemperature_normalized"
"1",1,"7/22/2009","ESE","New",2009,"North Carolina","Holden Beach, Brunswick County","15h00","Yes","Day",0.31,6.8,71,79,"Brunswick",71,0.31,"Low","High","High","High",0.189635771381145,-0.117966983252927,0.704116334458813,0.387993133876894
"2",2,"9/12/2009","SSW","Third quarter",2009,"North Carolina","Corolla, Currituck County","21h00","Yes","Dusk",0,5.2,66,70,"Currituck",66,0,"Medium","High","High","High",-0.376415945780729,-0.923820284439029,0.229806067011121,-1.3979029402709
"3",3,"6/25/2010","SW","Full",2010,"North Carolina","Topsail Island, Pender County","13h00","Yes","Day",0,8.4,76,80,"Pender",76,0,"Low","Low","Medium","High",-0.376415945780729,0.687886317933175,1.17842660190651,0.586426031004426
"4",4,"6/25/2010","SW","Full",2010,"South Carolina","Fripp Island, Beaufort County",NA,"Yes","Dawn",0,11.4,77,86,"Beaufort",77,0,"Low","Low","Medium","High",-0.376415945780729,0.849056978170396,2.06775835337093,1.77702341376962
"5",5,"7/17/2010","SW","First quarter",2010,"North Carolina","Wrightsville Beach, New Hanover County","13h30","Yes","Day",1,15.2,77,76,"New Hanover",77,1,"High","Low","Medium","Low",1.44955733538661,0.849056978170396,3.1942452385592,-0.207305557505703
"6",6,"7/19/2010","SW","First quarter",2010,"South Carolina","Myrtle Beach, Horry County","10h35","Yes","Day",0,14.8,76,84,"Horry",76,0,"Low","Low","Medium","High",-0.376415945780729,0.687886317933175,3.07566767169727,1.38015761951455
"7",7,"7/25/2010","SW","Full",2010,"South Carolina","Isle of Palms, Charleston County",NA,"Yes","Dawn",0,13,79,86,"Charleston",79,0,"Low","Low","Medium","High",-0.376415945780729,1.17139829864484,2.54206862081862,1.77702341376962
"8",8,"8/7/2010","E","New",2010,"North Carolina","Figure Eight Island, Wilmington, New Hanover County","15h00","Yes","Day",0,5.8,76,81,"New Hanover",76,0,"Low","Low","High","High",-0.376415945780729,0.687886317933175,0.407672417304005,0.784858928131958
"9",9,"7/19/2011","SSW","Waning gibbous",2011,"North Carolina","Ocracoke Island, Hyde County","17h30","Yes","Evening",0,9.2,NA,82,"Hyde",76.8,0,"Low","Low","Medium","High",-0.376415945780729,0.816822846122951,1.41558173563035,0.98329182525949
"10",10,"8/11/2011","SSE","Full",2011,"North Carolina","Beaufort County","14h00","Yes","Day",0,6,NA,83,"Beaufort",79.9,0,"Low","Low","High","High",-0.376415945780729,1.31645189285834,0.466961200734967,1.18172472238702
"11",11,"8/15/2011","SSW","Full",2011,"South Carolina","Myrtle Beach, Horry County",NA,"Yes","Dawn",0,3.8,NA,78,"Horry",72.1,0,"High","High","High","High",-0.376415945780729,0.0593207430080148,-0.18521541700561,0.189560236749362
"12",12,"8/17/2011","E","Waning gibbous",2011,"North Carolina","Wrightsville Beach, New Hanover County","16h00","Yes","Evening",0,5.8,NA,80,"New Hanover",70.5,0,"Low","High","High","High",-0.376415945780729,-0.198552313371537,0.407672417304005,0.586426031004426
"13",13,"8/17/2011","E","Waning gibbous",2011,"North Carolina","Kure Beach, New Hanover County","17h00","Yes","Evening",0,5.8,NA,80,"New Hanover",74,0,"Low","Low","High","High",-0.376415945780729,0.365544997458734,0.407672417304005,0.586426031004426
"14",14,"8/24/2011","SE","New",2011,"North Carolina","Buxton Beach, Dare County",NA,"Yes","0",0.01,6.6,NA,80,"Dare",74,0.01,"Low","Low","High","High",-0.358156212969056,0.365544997458734,0.644827551027851,0.586426031004426
"15",15,"8/24/2011","SE","New",2011,"North Carolina","Holden Beach. Brunswick County","15h30","Yes","Day",0.01,6.6,NA,80,"Brunswick",75.4,0.01,"Low","Low","High","High",-0.358156212969056,0.591183921790844,0.644827551027851,0.586426031004426
"16",16,"9/24/2011","E","New",2011,"South Carolina","North Myrtle Beach, Horry County","10h00","Yes","Day",0.07,4.7,NA,78,"Horry",74.4,0.07,"High","Low","High","High",-0.248597816099016,0.430013261553624,0.0815841084337167,0.189560236749362
"17",17,"5/31/2012","SSW","Full",2012,"North Carolina","Avon, Hatteras Island, Outer Banks, Dare County","13h30","Yes","Day",0,8.8,69,78,"Dare",69,0,"High","High","Medium","High",-0.376415945780729,-0.440308303727367,1.29700416876843,0.189560236749362
"18",18,"6/2/2012","SSE","Full",2012,"South Carolina","Myrtle Beach, Horry County","19h45","Yes","Evening",0,4.9,62,72,"Horry",62,0,"High","Medium","High","High",-0.376415945780729,-1.56850292538791,0.140872891864678,-1.00103714601583
"19",19,"6/14/2012","NNE","New",2012,"South Carolina","Myrtle Beach, Horry County","13h20","Yes","Day",0.08,9,61,75,"Horry",61,0.08,"High","Medium","Medium","High",-0.230338083287342,-1.72967358562513,1.35629295219939,-0.405738454633235
"20",20,"6/14/2012","NNE","New",2012,"South Carolina","Myrtle Beach, Horry County","Afternoon","Yes","FALSE",0.08,9,61,75,"Horry",61,0.08,"High","Medium","Medium","High",-0.230338083287342,-1.72967358562513,1.35629295219939,-0.405738454633235
"21",21,"6/14/2012","NNE","New",2012,"South Carolina","Myrtle Beach, Horry County","Afternoon","Yes","FALSE",0.08,9,61,75,"Horry",61,0.08,"High","Medium","Medium","High",-0.230338083287342,-1.72967358562513,1.35629295219939,-0.405738454633235
"22",22,"6/14/2012","NNE","New",2012,"South Carolina","Myrtle Beach, Horry County","Afternoon","Yes","FALSE",0.08,9,61,75,"Horry",61,0.08,"High","Medium","Medium","High",-0.230338083287342,-1.72967358562513,1.35629295219939,-0.405738454633235
"23",23,"6/18/2012","SE","New",2012,"North Carolina","Ocean Isle, Brunswick County","11h00","Yes","Day",0,4,60,72,"Brunswick",60,0,"High","Medium","High","High",-0.376415945780729,-1.89084424586235,-0.125926633574649,-1.00103714601583
"24",24,"6/19/2012","S","New",2012,"South Carolina","Myrtle Beach, Horry County",NA,"Yes","Dawn",0,5.2,65,73,"Horry",65,0,"High","High","High","High",-0.376415945780729,-1.08499094467625,0.229806067011121,-0.802604248888299
"25",25,"7/8/2012","SE","Waning gibbous",2012,"North Carolina","North Topsail Beach, Onslow County","17h30","Yes","Evening",0,12.7,77,84,"Onslow",77,0,"Low","Low","Medium","High",-0.376415945780729,0.849056978170396,2.45313544567218,1.38015761951455
"26",26,"7/24/2012","WSW","First quarter",2012,"North Carolina","Ocean Isle, Brunswick County","11h45","Yes","Day",0.01,12,74,83,"Brunswick",74,0.01,"Low","Low","Medium","High",-0.358156212969056,0.365544997458734,2.24562470366381,1.18172472238702
"27",27,"6/14/2013","NE","First quarter",2013,"South Carolina","Myrtle Beach, Horry County","Afternoon","Yes","FALSE",0.01,5.9,62,74,"Horry",62,0.01,"High","Medium","High","High",-0.358156212969056,-1.56850292538791,0.437316809019486,-0.604171351760767
"28",28,"6/25/2013","SSW","Full",2013,"South Carolina","Kiawah Island, Charleston County","12h45","Yes","Day",0,10.4,74,80,"Charleston",74,0,"Low","Low","Medium","High",-0.376415945780729,0.365544997458734,1.77131443621612,0.586426031004426
"29",29,"7/11/2013","SSW","New",2013,"North Carolina","Holden Beach. Brunswick County","15h20","Yes","Day",0.12,9.9,73,78,"Brunswick",73,0.12,"High","High","Medium","High",-0.157299152040649,0.204374337221514,1.62309247763872,0.189560236749362
"30",30,"7/30/2013","SE","Third quarter",2013,"South Carolina","Isle of Palms, Charleston County",NA,"Yes","Dawn",0.01,3.5,74,78,"Charleston",74,0.01,"High","Low","High","High",-0.358156212969056,0.365544997458734,-0.274148592152052,0.189560236749362
"31",31,"8/11/2013","SSW","Waxing crescent",2013,"South Carolina","Folly Beach, Charleston County","17h30","Yes","Evening",0,9.2,76,84,"Charleston",76,0,"Low","Low","Medium","High",-0.376415945780729,0.687886317933175,1.41558173563035,1.38015761951455
"32",32,"9/8/2013","SSW","New",2013,"South Carolina","St. Helena Island, Beaufort County",NA,"Yes","Dawn",0,5.7,68,74,"Beaufort",68,0,"High","High","High","High",-0.376415945780729,-0.601478963964588,0.378028025588524,-0.604171351760767
"33",33,"5/6/2014","SW","First quarter",2014,"South Carolina","Coligny Beach, Hilton Head, Beaufort County","15h00","Yes","Day",0,7.9,60,76,"Beaufort",60,0,"High","Medium","Medium","High",-0.376415945780729,-1.89084424586235,1.0302046433291,-0.207305557505703
"34",34,"7/3/2014","ESE","First quarter",2014,"South Carolina","Isle of Palms, Charleston County","18h15-18h30","Yes","Evening",2.25,12.5,72,76,"Charleston",72,2.25,"High","High","Medium","Medium",3.73202393684578,0.0432036769842937,2.39384666224122,-0.207305557505703
"35",35,"7/12/2014","SSE","Full",2014,"North Carolina","Masonboro Island, New Hanover County",NA,"Yes","0",0,4.9,71,79,"New Hanover",71,0,"Low","High","High","High",-0.376415945780729,-0.117966983252927,0.140872891864678,0.387993133876894
"36",36,"7/27/2014","WSW","New",2014,"North Carolina","Sunset Beach, Brunswick County",NA,"Yes","0",0,9.3,78,82,"Brunswick",78,0,"Low","Low","Medium","High",-0.376415945780729,1.01022763840762,1.44522612734583,0.98329182525949
"37",37,"8/6/2014","SSW","Full",2014,"South Carolina","Folly Beach, Charleston County","14h00","Yes","Day",0,6.6,74,80,"Charleston",74,0,"Low","Low","High","High",-0.376415945780729,0.365544997458734,0.644827551027851,0.586426031004426
"38",38,"8/24/2014","NE","New",2014,"North Carolina","Off Masonboro Island, New Hanover County",NA,"Yes","0",0.01,12.9,66,76,"New Hanover",66,0.01,"High","High","Medium","High",-0.358156212969056,-0.923820284439029,2.51242422910314,-0.207305557505703
"39",39,"8/27/2014","E","New",2014,"North Carolina","Figure Eight Island,  New Hanover County",NA,"Yes","0",0,10.6,72,78,"New Hanover",72,0,"High","High","Medium","High",-0.376415945780729,0.0432036769842937,1.83060321964708,0.189560236749362
"40",40,"8/27/2014","E","New",2014,"South Carolina","Surfside Beach, Horry  County","15h00","Yes","Day",0,5.9,65,77,"Horry",65,0,"High","High","High","High",-0.376415945780729,-1.08499094467625,0.437316809019486,-0.00887266037817056
"41",41,"5/15/2015","E","New",2015,"South Carolina","Sullivan's Island, Charleston County","14h15","Yes","Day",0.52,12.1,70,76,"Charleston",70,0.52,"High","High","Medium","Low",0.573090160426286,-0.279137643490147,2.27526909537929,-0.207305557505703
"42",42,"6/11/2015","S","New",2015,"North Carolina","Ocean Isle, Brunswick County","12h45","Yes","Day",0,9.7,73,79,"Brunswick",73,0,"Low","High","Medium","High",-0.376415945780729,0.204374337221514,1.56380369420775,0.387993133876894
"43",43,"6/14/2015","SSW","New",2015,"North Carolina","Oak Island, Brunswick County","16h12","Yes","Evening",0,3.5,76,82,"Brunswick",76,0,"Low","Low","High","High",-0.376415945780729,0.687886317933175,-0.274148592152052,0.98329182525949
"44",44,"6/14/2015","SSW","New",2015,"North Carolina","Oak Island, Brunswick County","17h51","Yes","Evening",0,3.5,76,82,"Brunswick",76,0,"Low","Low","High","High",-0.376415945780729,0.687886317933175,-0.274148592152052,0.98329182525949
"45",45,"6/23/2015","SW","First quarter",2015,"South Carolina","St. Helena Island, Beaufort County",NA,"Yes","Dawn",0,8.8,71,79,"Beaufort",71,0,"Low","High","Medium","High",-0.376415945780729,-0.117966983252927,1.29700416876843,0.387993133876894
"46",46,"6/24/2015","SW","First quarter",2015,"North Carolina","Surf City, Pender County","12h25","Yes","Day",0.3,9.7,74,80,"Pender",74,0.3,"Low","Low","Medium","High",0.171376038569472,0.365544997458734,1.56380369420775,0.586426031004426
"47",47,"6/25/2015","SSW","Waxing gibbous",2015,"North Carolina","Avon, Hatteras Island, Outer Banks, Dare County","11h41","Yes","Day",0,10.4,71,80,"Dare",71,0,"Low","High","Medium","High",-0.376415945780729,-0.117966983252927,1.77131443621612,0.586426031004426
"48",48,"6/26/2015","SSW","Full",2015,"South Carolina","South Beach, Hunting Island State Park, Beaufort County","11h00","Yes","Day",0,8.9,74,83,"Beaufort",74,0,"Low","Low","Medium","High",-0.376415945780729,0.365544997458734,1.32664856048391,1.18172472238702
"49",49,"6/27/2015","SW","Full",2015,"North Carolina","Rodanthe, Dare County","16h00","Yes","Evening",0.05,16.6,74,80,"Dare",74,0.05,"Low","Low","Medium","High",-0.285117281722363,0.365544997458734,3.60926672257593,0.586426031004426
"50",50,"6/30/2015","SSW","Full",2015,"South Carolina","Isle of Palms County Park, Isle of Palms, Charleston County","18h05","Yes","Evening",0,5.3,67,76,"Charleston",67,0,"High","High","High","High",-0.376415945780729,-0.762649624201808,0.259450458726601,-0.207305557505703
"51",51,"7/1/2015","SW","Full",2015,"North Carolina","Ocracoke, Lifeguard Beach, National Park Service, Hyde County","12h10","Yes","Day",0.15,13.6,73,77,"Hyde",73,0.15,"High","High","Medium","High",-0.102519953605629,0.204374337221514,2.7199349711115,-0.00887266037817056
"52",52,"7/4/2015","SW","Waning gibbous",2015,"North Carolina","Off Surf City, Pender County","Evening","Yes","Evening",0,14.4,72,80,"Pender",72,0,"Low","High","Medium","High",-0.376415945780729,0.0432036769842937,2.95709010483535,0.586426031004426
"53",53,"7/26/2015","E","Full",2015,"South Carolina","Edisto Beach, Colleton County","10h10","Yes","Day",0,6.7,73,80,"Colleton",73,0,"Low","High","High","High",-0.376415945780729,0.204374337221514,0.674471942743332,0.586426031004426
"54",54,"8/20/2015","SW","First quarter",2015,"South Carolina","Murrells Inlet, Georgetown County","12h30","Yes","Day",0.06,4.5,75,80,"Georgetown",75,0.06,"Low","Low","High","High",-0.266857548910689,0.526715657695955,0.0222953250027552,0.586426031004426
"55",55,"9/3/2015","SW","Waning gibbous",2015,"South Carolina","Myrtle Beach, Horry County","16h00","Yes","Evening",0,8.8,74,81,"Horry",74,0,"Low","Low","Medium","High",-0.376415945780729,0.365544997458734,1.29700416876843,0.784858928131958
"93",93,"6/7/2016","SW","Waxing crescent",2016,"South Carolina","Folly Beach, Charleston County","11h30","Yes","Day",0.07,7.6,NA,81,"Charleston",76.7,0.07,"Low","Low","High","High",-0.248597816099016,0.80070578009923,0.941271468182659,0.784858928131958
"94",94,"6/7/2016","W","Waxing crescent",2016,"South Carola","olly Beach, Charleston County","11h30","Yes",NA,1.66,4,72.1,76.7,"Charleston",72.1,1.66,"High","High","High","Medium",2.65469970095705,0.0593207430080148,-0.125926633574649,-0.0684025295164296
"98",98,"6/11/2016","WSW","First quarter",2016,"North Carolina","Atlantic Beach, Carteret County","15h00","Yes","Day",0,12,NA,76,"Carteret",69.9,0,"High","High","Medium","High",-0.376415945780729,-0.295254709513868,2.24562470366381,-0.207305557505703
"99",99,"6/11/2016","WSW","First quarter",2016,"North Carola","Atlantic Beach, Emerald Isle, Carteret County","15h00","Yes",NA,0,6,70.1,74.3,"Carteret",70.1,0,"High","High","High","High",-0.376415945780729,-0.263020577466426,0.466961200734967,-0.544641482622508
"109",109,"6/21/2016","WSW","Full",2016,"South Carolina","North Myrtle Beach, Horry County","15h25","Yes","Day",0,16,NA,78,"Horry",74.2,0,"High","Low","Medium","High",-0.376415945780729,0.397779129506179,3.43140037228304,0.189560236749362
"110",110,"6/21/2016","WSW","Full",2016,"South Carola","North Myrtle Beach, Horry County","15h25","Yes",NA,0,9,69.7,78.2,"Horry",69.7,0,"High","High","Medium","High",-0.376415945780729,-0.327488841561313,1.35629295219939,0.229246816174869
"114",114,"6/25/2016","SE","Third quarter",2016,"North Carolina","Atlantic Beach, Carteret County","14h34","Yes","Day",0,6.8,NA,76,"Carteret",67.9,0,"High","High","High","High",-0.376415945780729,-0.617596029988309,0.704116334458813,-0.207305557505703
"115",115,"6/25/2016","NE","Waning gibbous",2016,"North Carola","Atlantic Beach, Emerald Isle, Carteret County","14h34","Yes",NA,0,2,72.8,76.2,"Carteret",72.8,0,"High","High","Low","High",-0.376415945780729,0.17214020517407,-0.718814467884264,-0.167618978080196
"117",117,"6/27/2016","S","Waning crescent",2016,"South Carolina","Sullivan's Island, Charleston County","16h20","Yes","Evening",0,6.8,NA,79,"Charleston",72,0,"Low","High","High","High",-0.376415945780729,0.0432036769842937,0.704116334458813,0.387993133876894
"118",118,"6/27/2016","ENE","Last quarter",2016,"South Carola","Sullivan's Island, Charleston County","16h20","Yes",NA,0,0,72.1,75.7,"Charleston",72.1,0,"High","High","Low","High",-0.376415945780729,0.0593207430080148,-1.31170230219388,-0.266835426643962
"136",136,"7/15/2016","WSW","Waxing gibbous",2016,"South Carola","North Myrtle Beach, Horry County",NA,"Yes",NA,0,5,79.3,82.2,"Horry",79.3,0,"Low","Low","High","High",-0.376415945780729,1.219749496716,0.170517283580159,1.022978404685
"187",187,"9/5/2016","S","Waxing crescent",2016,"South Carola","Kgston Plantation, Myrtle Beach, Horry County","Late aternoon","Yes",NA,0,0,65.9,70.6,"Horry",65.9,0,"Medium","High","Low","High",-0.376415945780729,-0.93993735046275,-1.31170230219388,-1.27884320199438
"242",242,"5/30/2017","WSW","Waxing crescent",2017,"South Carola","Awendaw, Charleston County",NA,"Yes",NA,0.76,2,72.2,75.5,"Charleston",72.2,0.76,"High","High","Low","Low",1.01132374790645,0.0754378090317383,-0.718814467884264,-0.306522006069469
"261",261,"6/18/2017","SW","Last quarter",2017,"South Carola","Burkes Beach, Hilton Head, Beaufort County",NA,"Yes",NA,0,4,76.4,80.6,"Beaufort",76.4,0,"Low","Low","High","High",-0.376415945780729,0.752354582028064,-0.125926633574649,0.705485769280944
"264",264,"6/21/2017","WSW","Waning crescent",2017,"South Carola","South orest Beach, Hilton Head Island, Beaufort County",NA,"Yes",NA,0.55,3,73.2,76.4,"Beaufort",73.2,0.55,"High","Low","High","Low",0.627869358861306,0.236608469268959,-0.422370550729456,-0.127932398654689
"272",272,"6/29/2017","S","Waxing crescent",2017,"South Carola","Wrightsville Beach, New Hanover County","19h30","Yes",NA,0,2,67.3,75.1,"New Hanover",67.3,0,"High","High","Low","High",-0.376415945780729,-0.714298426130643,-0.718814467884264,-0.385895164920483
"293",293,"7/20/2017","S","Waning crescent",2017,"South Carola","Hilton Head Island, Beaufort County",NA,"Yes",NA,NA,8,NA,85,"Beaufort",79.9,0,"Low","Low","Medium","High",-0.376415945780729,1.31645189285834,1.05984903504458,1.57859051664209
"302",302,"7/29/2017","WSW","First quarter",2017,"South Carola","DeBordieu Colony, Georgetown County","Aternoon","Yes",NA,0.45,11.11,76,76.5,"Georgetown",76,0.45,"High","Low","Medium","Low",0.445272030744573,0.687886317933175,1.98178961739603,-0.108089108941937
"303",303,"7/29/2017","WSW","First quarter",2017,"South Carola","Hilton Head Island, Beaufort County","15h00","Yes",NA,0.45,11.11,76,76.5,"Beaufort",76,0.45,"High","Low","Medium","Low",0.445272030744573,0.687886317933175,1.98178961739603,-0.108089108941937
"312",312,"8/10/2017","ENE","Waning gibbous",2017,"South Carola","Sea Pes Resort, Hilton Head Island, Beaufort County","13h30","Yes",NA,NA,8.7,NA,77,"Beaufort",70.4,0,"High","High","Medium","High",-0.376415945780729,-0.214669379395258,1.26735977705295,-0.00887266037817056
"376",376,"5/13/2018","SW","New",2018,"South Carola","Hilton Head Island, Beaufort County","15h00","Yes",NA,0,7,71.4,74.9,"Beaufort",71.4,0,"High","High","High","High",-0.376415945780729,-0.0534987191580376,0.763405117889774,-0.425581744345987
"384",384,"5/21/2018","WSW","First quarter",2018,"South Carola","Isle o Palms,  Charleston County",NA,"Yes",NA,0,5,72.4,76.6,"Charleston",72.4,0,"High","High","High","High",-0.376415945780729,0.107671941079183,0.170517283580159,-0.0882458192291845
"1100",56,"5/1/2016","SSW","Waning crescent",2016,NA,NA,NA,"No",NA,0,3,64.5,67.2,NA,64.5,0,"Medium","Medium","High","High",-0.376415945780729,-1.16557627479486,-0.422370550729456,-1.95351505222798
"251",57,"5/2/2016","WSW","Waning crescent",2016,NA,NA,NA,"No",NA,0,5,70.2,73.3,NA,70.2,0,"High","High","High","High",-0.376415945780729,-0.246903511442702,0.170517283580159,-0.74307437975004
"310",58,"5/3/2016","WSW","Waning crescent",2016,NA,NA,NA,"No",NA,0.24,6,68.4,70.7,NA,68.4,0.24,"Medium","High","High","High",0.0618176416994317,-0.537010699869699,0.466961200734967,-1.25899991228162
"410",59,"5/4/2016","W","Waning crescent",2016,NA,NA,NA,"No",NA,0.9,2,65.2,65.8,NA,65.2,0.9,"Medium","High","Low","Low",1.26696000726987,-1.0527568126288,-0.718814467884264,-2.23132110820653
"510",60,"5/5/2016","NNE","New",2016,NA,NA,NA,"No",NA,0.12,6,54.8,56.2,NA,54.8,0.12,"Medium","Medium","High","High",-0.157299152040649,-2.7289316790959,0.466961200734967,-4.13627692063084
"610",61,"5/6/2016","WSW","New",2016,NA,NA,NA,"No",NA,0,3,53,57.3,NA,53,0,"Medium","Medium","High","High",-0.376415945780729,-3.01903886752289,-0.422370550729456,-3.91800073379055
"710",62,"5/7/2016","W","New",2016,NA,NA,NA,"No",NA,0,2,55.4,64.3,NA,55.4,0,"Medium","Medium","Low","High",-0.376415945780729,-2.63222928295356,-0.718814467884264,-2.52897045389783
"810",63,"5/8/2016","W","New",2016,NA,NA,NA,"No",NA,0,4,61.7,72.6,NA,61.7,0,"High","Medium","High","High",-0.376415945780729,-1.61685412345908,-0.125926633574649,-0.881977407739313
"910",67,"5/12/2016","N","First quarter",2016,NA,NA,NA,"No",NA,0.2,1,65.9,68.9,NA,65.9,0.2,"Medium","High","Low","High",-0.0112212895472618,-0.93993735046275,-1.01525838503907,-1.61617912711118
"1010",68,"5/13/2016","WSW","First quarter",2016,NA,NA,NA,"No",NA,1.12,4,68,71.4,NA,68,1.12,"High","High","High","Low",1.66867412912669,-0.601478963964588,-0.125926633574649,-1.12009688429235
"1110",69,"5/14/2016","NW","First quarter",2016,NA,NA,NA,"No",NA,0,0,67.6,69.5,NA,67.6,0,"Medium","High","Low","High",-0.376415945780729,-0.665947228059477,-1.31170230219388,-1.49711938883466
"1210",73,"5/18/2016","NE","Waxing gibbous",2016,NA,NA,NA,"No",NA,0.28,5,64.6,65.4,NA,64.6,0.28,"Medium","Medium","High","High",0.134856572946125,-1.14945920877114,0.170517283580159,-2.31069426705754
"1310",74,"5/19/2016","NNE","Waxing gibbous",2016,NA,NA,NA,"No",NA,0,5,57.4,63.2,NA,57.4,0,"Medium","Medium","High","High",-0.376415945780729,-2.30988796247912,0.170517283580159,-2.74724664073811
"1410",76,"5/21/2016","WSW","Full",2016,NA,NA,NA,"No",NA,0.66,5,68.6,72.1,NA,68.6,0.66,"High","High","High","Low",0.828726419789714,-0.504776567822256,0.170517283580159,-0.981193856303079
"1510",77,"5/22/2016","NNE","Full",2016,NA,NA,NA,"No",NA,0.09,3,59.8,62.8,NA,59.8,0.09,"Medium","Medium","High","High",-0.212078350475669,-1.9230783779098,-0.422370550729456,-2.82661979958913
"1610",78,"5/23/2016","NNW","Waning gibbous",2016,NA,NA,NA,"No",NA,0.08,4,56.6,63.3,NA,56.6,0.08,"Medium","Medium","High","High",-0.230338083287342,-2.4388244906689,-0.125926633574649,-2.72740335102536
"1710",79,"5/24/2016","W","Waning gibbous",2016,NA,NA,NA,"No",NA,0,5,60,68.1,NA,60,0,"Medium","Medium","High","High",-0.376415945780729,-1.89084424586235,0.170517283580159,-1.77492544481321
"1810",83,"5/28/2016","ESE","Last quarter",2016,NA,NA,NA,"No",NA,0.01,1,70.9,75.4,NA,70.9,0.01,"High","High","Low","High",-0.358156212969056,-0.134084049276648,-1.01525838503907,-0.326365295782221
"1910",84,"5/29/2016","S","Last quarter",2016,NA,NA,NA,"No",NA,0.49,3,73.8,77.7,NA,73.8,0.49,"High","Low","High","Low",0.518310961991266,0.33331086541129,-0.422370550729456,0.130030367611102
"2010",85,"5/30/2016","SSW","Last quarter",2016,NA,NA,NA,"No",NA,3.32,1,71.2,72,NA,71.2,3.32,"High","High","Low","Medium",5.68581534769483,-0.0857328512054821,-1.01525838503907,-1.00103714601583
"2110",86,"5/31/2016","ENE","Waning crescent",2016,NA,NA,NA,"No",NA,0.26,1,71.5,72.9,NA,71.5,0.26,"High","High","Low","High",0.0983371073227785,-0.0373816531343165,-1.01525838503907,-0.822447538601051
"2210",90,"6/4/2016","WSW","New",2016,NA,NA,NA,"No",NA,0.34,1,74.6,78.2,NA,74.6,0.34,"High","Low","Low","High",0.244414969816166,0.462247393601066,-1.01525838503907,0.229246816174869
"2310",91,"6/5/2016","WSW","New",2016,NA,NA,NA,"No",NA,0,7,76.5,79.9,NA,76.5,0,"Low","Low","High","High",-0.376415945780729,0.768471648051785,0.763405117889774,0.566582741291674
"2410",97,"6/10/2016","NNE","Waxing crescent",2016,NA,NA,NA,"No",NA,0,2,59.3,69.6,NA,59.3,0,"Medium","Medium","Low","High",-0.376415945780729,-2.00366370802841,-0.718814467884264,-1.47727609912191
"252",100,"6/12/2016","WSW","First quarter",2016,NA,NA,NA,"No",NA,0,6,75.4,80.1,NA,75.4,0,"Low","Low","High","High",-0.376415945780729,0.591183921790844,0.466961200734967,0.606269320717178
"262",104,"6/16/2016","W","Waxing gibbous",2016,NA,NA,NA,"No",NA,0.03,3,75.8,79.9,NA,75.8,0.03,"Low","Low","High","High",-0.321636747345709,0.655652185885731,-0.422370550729456,0.566582741291674
"271",105,"6/17/2016","NE","Waxing gibbous",2016,NA,NA,NA,"No",NA,0.06,5,72.5,75.7,NA,72.5,0.06,"High","High","High","High",-0.266857548910689,0.123789007102904,0.170517283580159,-0.266835426643962
"281",106,"6/18/2016","E","Full",2016,NA,NA,NA,"No",NA,0.01,5,62.9,76.2,NA,62.9,0.01,"High","Medium","High","High",-0.358156212969056,-1.42344933117441,0.170517283580159,-0.167618978080196
"291",107,"6/19/2016","NE","Full",2016,NA,NA,NA,"No",NA,0,2,62.2,72.2,NA,62.2,0,"High","Medium","Low","High",-0.376415945780729,-1.53626879334047,-0.718814467884264,-0.961350566590324
"301",108,"6/20/2016","WNW","Full",2016,NA,NA,NA,"No",NA,0,3,63.2,74,NA,63.2,0,"High","Medium","High","High",-0.376415945780729,-1.37509813310325,-0.422370550729456,-0.604171351760767
"311",112,"6/23/2016","WSW","Waning gibbous",2016,NA,NA,NA,"No",NA,0.07,7,76,78.4,NA,76,0.07,"High","Low","High","High",-0.248597816099016,0.687886317933175,0.763405117889774,0.268933395600375
"321",119,"6/28/2016","SW","Last quarter",2016,NA,NA,NA,"No",NA,0,2,72.5,78.1,NA,72.5,0,"High","High","Low","High",-0.376415945780729,0.123789007102904,-0.718814467884264,0.209403526462114
"331",120,"6/29/2016","WNW","Waning crescent",2016,NA,NA,NA,"No",NA,0.29,2,74.6,78.1,NA,74.6,0.29,"High","Low","Low","High",0.153116305757799,0.462247393601066,-0.718814467884264,0.209403526462114
"341",121,"6/30/2016","S","Waning crescent",2016,NA,NA,NA,"No",NA,0.02,2,75.1,78.9,NA,75.1,0.02,"Low","Low","Low","High",-0.339896480157383,0.542832723719676,-0.718814467884264,0.368149844164142
"351",122,"7/1/2016","SW","Waning crescent",2016,NA,NA,NA,"No",NA,0.17,4,75.2,78,NA,75.2,0.17,"High","Low","High","High",-0.0660004879822819,0.558949789743399,-0.125926633574649,0.189560236749362
"361",125,"7/4/2016","SSW","New",2016,NA,NA,NA,"No",NA,0.08,2,77.3,79.3,NA,77.3,0.08,"Low","Low","Low","High",-0.230338083287342,0.897408176241561,-0.718814467884264,0.447523003015153
"371",126,"7/5/2016","WSW","New",2016,NA,NA,NA,"No",NA,0.38,7,79.3,81.9,NA,79.3,0.38,"Low","Low","High","High",0.317453901062859,1.219749496716,0.763405117889774,0.963448535546738
"381",127,"7/6/2016","WSW","New",2016,NA,NA,NA,"No",NA,0,4,78.1,81.8,NA,78.1,0,"Low","Low","High","High",-0.376415945780729,1.02634470443134,-0.125926633574649,0.943605245833983
"391",133,"7/12/2016","SE","First quarter",2016,NA,NA,NA,"No",NA,0.01,1,76.3,80.8,NA,76.3,0.01,"Low","Low","Low","High",-0.358156212969056,0.736237516004341,-1.01525838503907,0.745172348706451
"401",134,"7/13/2016","WSW","First quarter",2016,NA,NA,NA,"No",NA,1.44,1,76.9,79.2,NA,76.9,1.44,"Low","Low","Low","Low",2.25298557910024,0.832939912146675,-1.01525838503907,0.427679713302401
"411",135,"7/14/2016","WSW","Waxing gibbous",2016,NA,NA,NA,"No",NA,0,5,80.3,84.1,NA,80.3,0,"Low","Low","High","High",-0.376415945780729,1.38092015695322,0.170517283580159,1.40000090922731
"421",137,"7/16/2016","SW","Waxing gibbous",2016,NA,NA,NA,"No",NA,0,2,77.3,82.6,NA,77.3,0,"Low","Low","Low","High",-0.376415945780729,0.897408176241561,-0.718814467884264,1.10235156353601
"431",138,"7/17/2016","SW","Waxing gibbous",2016,NA,NA,NA,"No",NA,0.05,3,76.2,80.7,NA,76.2,0.05,"Low","Low","High","High",-0.285117281722363,0.72012044998062,-0.422370550729456,0.725329058993699
"441",139,"7/18/2016","SW","Full",2016,NA,NA,NA,"No",NA,0,3,77.2,82.3,NA,77.2,0,"Low","Low","High","High",-0.376415945780729,0.88129111021784,-0.422370550729456,1.04282169439775
"451",140,"7/19/2016","W","Full",2016,NA,NA,NA,"No",NA,0.53,2,75,78.2,NA,75,0.53,"High","Low","Low","Low",0.59134989323796,0.526715657695955,-0.718814467884264,0.229246816174869
"461",143,"7/22/2016","SW","Waning gibbous",2016,NA,NA,NA,"No",NA,0,2,73,79.2,NA,73,0,"Low","High","Low","High",-0.376415945780729,0.204374337221514,-0.718814467884264,0.427679713302401
"471",145,"7/24/2016","WSW","Waning gibbous",2016,NA,NA,NA,"No",NA,0,4,78.7,83.8,NA,78.7,0,"Low","Low","High","High",-0.376415945780729,1.12304710057367,-0.125926633574649,1.34047104008905
"481",146,"7/25/2016","WSW","Last quarter",2016,NA,NA,NA,"No",NA,0,4,78.4,84.2,NA,78.4,0,"Low","Low","High","High",-0.376415945780729,1.07469590250251,-0.125926633574649,1.41984419894006
"491",147,"7/26/2016","W","Last quarter",2016,NA,NA,NA,"No",NA,0,6,78,83.5,NA,78,0,"Low","Low","High","High",-0.376415945780729,1.01022763840762,0.466961200734967,1.28094117095079
"501",148,"7/27/2016","W","Last quarter",2016,NA,NA,NA,"No",NA,0.01,3,78.9,84.9,NA,78.9,0.01,"Low","Low","High","High",-0.358156212969056,1.15528123262112,-0.422370550729456,1.55874722692933
"511",149,"7/28/2016","WSW","Last quarter",2016,NA,NA,NA,"No",NA,0,4,79.9,84.7,NA,79.9,0,"Low","Low","High","High",-0.376415945780729,1.31645189285834,-0.125926633574649,1.51906064750383
"521",150,"7/29/2016","WSW","Waning crescent",2016,NA,NA,NA,"No",NA,0,4,78.8,84.3,NA,78.8,0,"Low","Low","High","High",-0.376415945780729,1.13916416659739,-0.125926633574649,1.43968748865281
"531",151,"7/30/2016","SSW","Waning crescent",2016,NA,NA,NA,"No",NA,0.03,2,79.5,82.2,NA,79.5,0.03,"Low","Low","Low","High",-0.321636747345709,1.25198362876345,-0.718814467884264,1.022978404685
"541",152,"7/31/2016","WSW","Waning crescent",2016,NA,NA,NA,"No",NA,0.02,4,78.3,82.7,NA,78.3,0.02,"Low","Low","High","High",-0.339896480157383,1.05857883647878,-0.125926633574649,1.12219485324876
"551",155,"8/3/2016","NE","New",2016,NA,NA,NA,"No",NA,0.01,2,76.7,79.9,NA,76.7,0.01,"Low","Low","Low","High",-0.358156212969056,0.80070578009923,-0.718814467884264,0.566582741291674
"56",156,"8/4/2016","NE","New",2016,NA,NA,NA,"No",NA,0,1,75.6,81.1,NA,75.6,0,"Low","Low","Low","High",-0.376415945780729,0.623418053838286,-1.01525838503907,0.80470221784471
"57",158,"8/6/2016","WSW","Waxing crescent",2016,NA,NA,NA,"No",NA,0,6,78.7,83.2,NA,78.7,0,"Low","Low","High","High",-0.376415945780729,1.12304710057367,0.466961200734967,1.22141130181253
"58",160,"8/8/2016","WNW","Waxing crescent",2016,NA,NA,NA,"No",NA,0.57,1,77.3,81.8,NA,77.3,0.57,"Low","Low","Low","Low",0.664388824484653,0.897408176241561,-1.01525838503907,0.943605245833983
"59",161,"8/9/2016","SE","First quarter",2016,NA,NA,NA,"No",NA,0.01,0,77.8,81.6,NA,77.8,0.01,"Low","Low","Low","High",-0.358156212969056,0.977993506360171,-1.31170230219388,0.903918666408476
"60",162,"8/10/2016","SSE","First quarter",2016,NA,NA,NA,"No",NA,0,1,78.2,82.4,NA,78.2,0,"Low","Low","Low","High",-0.376415945780729,1.04246177045506,-1.01525838503907,1.0626649841105
"61",163,"8/11/2016","S","First quarter",2016,NA,NA,NA,"No",NA,0,2,77.2,82.9,NA,77.2,0,"Low","Low","Low","High",-0.376415945780729,0.88129111021784,-0.718814467884264,1.16188143267427
"62",164,"8/12/2016","SW","First quarter",2016,NA,NA,NA,"No",NA,0,3,78.8,84.6,NA,78.8,0,"Low","Low","High","High",-0.376415945780729,1.13916416659739,-0.422370550729456,1.49921735779107
"63",165,"8/13/2016","WSW","Waxing gibbous",2016,NA,NA,NA,"No",NA,0,4,79.3,84.9,NA,79.3,0,"Low","Low","High","High",-0.376415945780729,1.219749496716,-0.125926633574649,1.55874722692933
"64",167,"8/15/2016","WSW","Waxing gibbous",2016,NA,NA,NA,"No",NA,0,2,79.5,85.7,NA,79.5,0,"Low","Low","Low","High",-0.376415945780729,1.25198362876345,-0.718814467884264,1.71749354463136
"65",168,"8/16/2016","SSW","Full",2016,NA,NA,NA,"No",NA,0,2,77.8,83.2,NA,77.8,0,"Low","Low","Low","High",-0.376415945780729,0.977993506360171,-0.718814467884264,1.22141130181253
"66",169,"8/17/2016","WSW","Full",2016,NA,NA,NA,"No",NA,0,4,77,83.8,NA,77,0,"Low","Low","High","High",-0.376415945780729,0.849056978170396,-0.125926633574649,1.34047104008905
"67",170,"8/18/2016","WSW","Full",2016,NA,NA,NA,"No",NA,0.03,4,78,83.3,NA,78,0.03,"Low","Low","High","High",-0.321636747345709,1.01022763840762,-0.125926633574649,1.24125459152528
"68",172,"8/20/2016","NNW","Waning gibbous",2016,NA,NA,NA,"No",NA,0.2,0,75.3,79.9,NA,75.3,0.2,"Low","Low","Low","High",-0.0112212895472618,0.57506685576712,-1.31170230219388,0.566582741291674
"69",173,"8/21/2016","WSW","Waning gibbous",2016,NA,NA,NA,"No",NA,0.02,3,77.7,80.8,NA,77.7,0.02,"Low","Low","High","High",-0.339896480157383,0.96187644033645,-0.422370550729456,0.745172348706451
"70",174,"8/22/2016","NNE","Waning gibbous",2016,NA,NA,NA,"No",NA,0.02,3,71.3,80.2,NA,71.3,0.02,"Low","High","High","High",-0.339896480157383,-0.069615785181761,-0.422370550729456,0.626112610429933
"71",175,"8/23/2016","NE","Waning gibbous",2016,NA,NA,NA,"No",NA,0,2,65.8,78.7,NA,65.8,0,"Low","High","Low","High",-0.376415945780729,-0.956054416486473,-0.718814467884264,0.328463264738635
"72",176,"8/24/2016","NNE","Last quarter",2016,NA,NA,NA,"No",NA,0.02,1,71.4,78.1,NA,71.4,0.02,"High","High","Low","High",-0.339896480157383,-0.0534987191580376,-1.01525838503907,0.209403526462114
"73",179,"8/27/2016","NNE","Waning crescent",2016,NA,NA,NA,"No",NA,0,1,76.4,81.1,NA,76.4,0,"Low","Low","Low","High",-0.376415945780729,0.752354582028064,-1.01525838503907,0.80470221784471
"74",180,"8/28/2016","NE","Waning crescent",2016,NA,NA,NA,"No",NA,0.37,1,77.1,81.2,NA,77.1,0.37,"Low","Low","Low","High",0.299194168251186,0.865174044194117,-1.01525838503907,0.824545507557465
"75",183,"8/31/2016","NNE","New",2016,NA,NA,NA,"No",NA,0,2,76.8,81.4,NA,76.8,0,"Low","Low","Low","High",-0.376415945780729,0.816822846122951,-0.718814467884264,0.864232086982972
"76",184,"9/1/2016","WSW","New",2016,NA,NA,NA,"No",NA,0.12,1,75,80.4,NA,75,0.12,"Low","Low","Low","High",-0.157299152040649,0.526715657695955,-1.01525838503907,0.66579918985544
"77",185,"9/2/2016","ESE","New",2016,NA,NA,NA,"No",NA,0.3,4,73.9,75.1,NA,73.9,0.3,"High","Low","High","High",0.171376038569472,0.349427931435013,-0.125926633574649,-0.385895164920483
"78",186,"9/3/2016","SW","New",2016,NA,NA,NA,"No",NA,1.61,11,75.8,76.9,NA,75.8,1.61,"High","Low","Medium","Medium",2.56340103689868,0.655652185885731,1.949180786509,-0.0287159500909226
"79",190,"9/8/2016","WSW","First quarter",2016,NA,NA,NA,"No",NA,0,4,75.4,80.6,NA,75.4,0,"Low","Low","High","High",-0.376415945780729,0.591183921790844,-0.125926633574649,0.705485769280944
"80",192,"9/10/2016","SW","First quarter",2016,NA,NA,NA,"No",NA,0,3,75.4,80.1,NA,75.4,0,"Low","Low","High","High",-0.376415945780729,0.591183921790844,-0.422370550729456,0.606269320717178
"81",197,"9/15/2016","ENE","Full",2016,NA,NA,NA,"No",NA,0,2,73.3,77.6,NA,73.3,0,"High","Low","Low","High",-0.376415945780729,0.25272553529268,-0.718814467884264,0.110187077898348
"82",200,"9/18/2016","SSE","Full",2016,NA,NA,NA,"No",NA,0.01,2,76.5,80.6,NA,76.5,0.01,"Low","Low","Low","High",-0.358156212969056,0.768471648051785,-0.718814467884264,0.705485769280944
"83",201,"9/19/2016","S","Waning gibbous",2016,NA,NA,NA,"No",NA,0.63,4,76.6,78.8,NA,76.6,0.63,"Low","Low","High","Low",0.773947221354693,0.784588714075507,-0.125926633574649,0.348306554451387
"84",202,"9/20/2016","S","Waning gibbous",2016,NA,NA,NA,"No",NA,1.5,3,75.5,76.9,NA,75.5,1.5,"High","Low","High","Low",2.36254397597028,0.607300987814565,-0.422370550729456,-0.0287159500909226
"85",203,"9/21/2016","ESE","Waning gibbous",2016,NA,NA,NA,"No",NA,1.17,2,75.3,77.6,NA,75.3,1.17,"High","Low","Low","Low",1.75997279318506,0.57506685576712,-0.718814467884264,0.110187077898348
"86",204,"9/22/2016","E","Last quarter",2016,NA,NA,NA,"No",NA,0,1,75.1,77.7,NA,75.1,0,"High","Low","Low","High",-0.376415945780729,0.542832723719676,-1.01525838503907,0.130030367611102
"87",205,"9/23/2016","NE","Last quarter",2016,NA,NA,NA,"No",NA,0.01,1,74.2,77.4,NA,74.2,0.01,"High","Low","Low","High",-0.358156212969056,0.397779129506179,-1.01525838503907,0.0705004984728434
"88",206,"9/24/2016","NE","Last quarter",2016,NA,NA,NA,"No",NA,0,1,71.5,77.1,NA,71.5,0,"High","High","Low","High",-0.376415945780729,-0.0373816531343165,-1.01525838503907,0.0109706293345815
"89",208,"9/26/2016","SE","Waning crescent",2016,NA,NA,NA,"No",NA,0,2,66.2,74.6,NA,66.2,0,"High","High","Low","High",-0.376415945780729,-0.891586152391584,-0.718814467884264,-0.485111613484249
"90",210,"9/28/2016","ENE","Waning crescent",2016,NA,NA,NA,"No",NA,0.01,1,73,76.1,NA,73,0.01,"High","High","Low","High",-0.358156212969056,0.204374337221514,-1.01525838503907,-0.187462267792951
"91",211,"9/29/2016","ENE","Waning crescent",2016,NA,NA,NA,"No",NA,0.01,1,74.4,77.9,NA,74.4,0.01,"High","Low","Low","High",-0.358156212969056,0.430013261553624,-1.01525838503907,0.169716947036609
"92",214,"5/2/2017","WSW","First quarter",2017,NA,NA,NA,"No",NA,0.03,7,67.3,72.3,NA,67.3,0.03,"High","High","High","High",-0.321636747345709,-0.714298426130643,0.763405117889774,-0.941507276877572
"931",215,"5/3/2017","NW","First quarter",2017,NA,NA,NA,"No",NA,0,2,57.3,73.1,NA,57.3,0,"High","Medium","Low","High",-0.376415945780729,-2.32600502850285,-0.718814467884264,-0.782760959175547
"941",216,"5/4/2017","SE","First quarter",2017,NA,NA,NA,"No",NA,0.27,6,63.7,71.9,NA,63.7,0.27,"High","Medium","High","High",0.116596840134452,-1.29451280298463,0.466961200734967,-1.02088043572858
"95",217,"5/5/2017","SW","Waxing gibbous",2017,NA,NA,NA,"No",NA,2.24,10,68,71.8,NA,68,2.24,"High","High","Medium","Medium",3.71376420403411,-0.601478963964588,1.6527368693542,-1.04072372544134
"96",218,"5/6/2017","W","Waxing gibbous",2017,NA,NA,NA,"No",NA,0,7,53.2,64.5,NA,53.2,0,"Medium","Medium","High","High",-0.376415945780729,-2.98680473547545,0.763405117889774,-2.48928387447232
"97",220,"5/8/2017","NW","Waxing gibbous",2017,NA,NA,NA,"No",NA,0,2,49.4,64.1,NA,49.4,0,"Medium","Medium","Low","High",-0.376415945780729,-3.59925324437689,-0.718814467884264,-2.56865703332334
"981",221,"5/9/2017","NW","Full",2017,NA,NA,NA,"No",NA,0,2,47.6,60.8,NA,47.6,0,"Medium","Medium","Low","High",-0.376415945780729,-3.88936043280388,-0.718814467884264,-3.22348559384419
"991",223,"5/11/2017","N","Full",2017,NA,NA,NA,"No",NA,0.92,3,66.5,70.3,NA,66.5,0.92,"Medium","High","High","Low",1.30347947289322,-0.843234954320418,-0.422370550729456,-1.33837307113264
"100",224,"5/12/2017","SE","Full",2017,NA,NA,NA,"No",NA,0.27,3,65.6,67.9,NA,65.6,0.27,"Medium","High","High","High",0.116596840134452,-0.988288548533918,-0.422370550729456,-1.81461202423871
"101",225,"5/13/2017","NNW","Waning gibbous",2017,NA,NA,NA,"No",NA,0.52,2,63.8,67.2,NA,63.8,0.52,"Medium","Medium","Low","Low",0.573090160426286,-1.27839573696091,-0.718814467884264,-1.95351505222798
"102",227,"5/15/2017","NNW","Waning gibbous",2017,NA,NA,NA,"No",NA,0,3,57,67.6,NA,57,0,"Medium","Medium","High","High",-0.376415945780729,-2.37435622657401,-0.422370550729456,-1.87414189337697
"103",228,"5/16/2017","S","Last quarter",2017,NA,NA,NA,"No",NA,0,1,63.1,69.9,NA,63.1,0,"Medium","Medium","Low","High",-0.376415945780729,-1.39121519912697,-1.01525838503907,-1.41774622998365
"104",229,"5/17/2017","WSW","Last quarter",2017,NA,NA,NA,"No",NA,0.01,5,71.4,74.8,NA,71.4,0.01,"High","High","High","High",-0.358156212969056,-0.0534987191580376,0.170517283580159,-0.445425034058742
"105",230,"5/18/2017","WSW","Last quarter",2017,NA,NA,NA,"No",NA,0,5,71.2,75.6,NA,71.2,0,"High","High","High","High",-0.376415945780729,-0.0857328512054821,0.170517283580159,-0.286678716356717
"106",231,"5/19/2017","WSW","Last quarter",2017,NA,NA,NA,"No",NA,0,5,69.5,74.4,NA,69.5,0,"High","High","High","High",-0.376415945780729,-0.359722973608757,0.170517283580159,-0.524798192909753
"107",232,"5/20/2017","WNW","Waning crescent",2017,NA,NA,NA,"No",NA,0,3,70,73.9,NA,70,0,"High","High","High","High",-0.376415945780729,-0.279137643490147,-0.422370550729456,-0.624014641473519
"108",233,"5/21/2017","NNE","Waning crescent",2017,NA,NA,NA,"No",NA,0.01,3,67.1,68.9,NA,67.1,0.01,"Medium","High","High","High",-0.358156212969056,-0.746532558178087,-0.422370550729456,-1.61617912711118
"1091",234,"5/22/2017","SW","Waning crescent",2017,NA,NA,NA,"No",NA,0.23,3,69.9,73.4,NA,69.9,0.23,"High","High","High","High",0.0435579088877583,-0.295254709513868,-0.422370550729456,-0.723231090037285
"1101",235,"5/23/2017","SW","Waning crescent",2017,NA,NA,NA,"No",NA,0.57,3,70.7,71.3,NA,70.7,0.57,"High","High","High","Low",0.664388824484653,-0.166318181324092,-0.422370550729456,-1.1399401740051
"111",236,"5/24/2017","SW","New",2017,NA,NA,NA,"No",NA,0.6,3,70.3,73.6,NA,70.3,0.6,"High","High","High","Low",0.719168022919673,-0.230786445418981,-0.422370550729456,-0.683544510611781
"112",237,"5/25/2017","WSW","New",2017,NA,NA,NA,"No",NA,0.04,8,65.9,73.4,NA,65.9,0.04,"High","High","Medium","High",-0.303377014534036,-0.93993735046275,1.05984903504458,-0.723231090037285
"113",239,"5/27/2017","WSW","New",2017,NA,NA,NA,"No",NA,0,3,69.6,75.6,NA,69.6,0,"High","High","High","High",-0.376415945780729,-0.343605907585036,-0.422370550729456,-0.286678716356717
"1141",240,"5/28/2017","WSW","Waxing crescent",2017,NA,NA,NA,"No",NA,0,4,73.1,76.4,NA,73.1,0,"High","High","High","High",-0.376415945780729,0.220491403245235,-0.125926633574649,-0.127932398654689
"1151",243,"5/31/2017","WSW","First quarter",2017,NA,NA,NA,"No",NA,0.03,2,72.9,76.7,NA,72.9,0.03,"High","High","Low","High",-0.321636747345709,0.188257271197793,-0.718814467884264,-0.0684025295164296
"116",244,"6/1/2017","W","First quarter",2017,NA,NA,NA,"No",NA,0,1,72.6,77.2,NA,72.6,0,"High","High","Low","High",-0.376415945780729,0.139906073126625,-1.01525838503907,0.0308139190473364
"1171",245,"6/2/2017","NNE","First quarter",2017,NA,NA,NA,"No",NA,0,1,68.4,75.4,NA,68.4,0,"High","High","Low","High",-0.376415945780729,-0.537010699869699,-1.01525838503907,-0.326365295782221
"1181",246,"6/3/2017","SW","First quarter",2017,NA,NA,NA,"No",NA,0,1,69.2,73.1,NA,69.2,0,"High","High","Low","High",-0.376415945780729,-0.408074171679923,-1.01525838503907,-0.782760959175547
"119",247,"6/4/2017","SW","Waxing gibbous",2017,NA,NA,NA,"No",NA,0,2,72,77.9,NA,72,0,"High","High","Low","High",-0.376415945780729,0.0432036769842937,-0.718814467884264,0.169716947036609
"120",248,"6/5/2017","WSW","Waxing gibbous",2017,NA,NA,NA,"No",NA,0.23,5,73.9,78.6,NA,73.9,0.23,"Low","Low","High","High",0.0435579088877583,0.349427931435013,0.170517283580159,0.30861997502588
"121",249,"6/6/2017","NNW","Waxing gibbous",2017,NA,NA,NA,"No",NA,0.16,2,69.9,74.7,NA,69.9,0.16,"High","High","Low","High",-0.0842602207939553,-0.295254709513868,-0.718814467884264,-0.465268323771494
"122",250,"6/7/2017","NE","Waxing gibbous",2017,NA,NA,NA,"No",NA,0.17,5,63.9,68.3,NA,63.9,0.17,"Medium","Medium","High","High",-0.0660004879822819,-1.26227867093719,0.170517283580159,-1.7352388653877
"123",251,"6/8/2017","NNE","Full",2017,NA,NA,NA,"No",NA,0.4,6,62.9,65.1,NA,62.9,0.4,"Medium","Medium","High","Low",0.353973366686206,-1.42344933117441,0.466961200734967,-2.3702241361958
"124",252,"6/9/2017","W","Full",2017,NA,NA,NA,"No",NA,0,2,61.1,69.2,NA,61.1,0,"Medium","Medium","Low","High",-0.376415945780729,-1.71355651960141,-0.718814467884264,-1.55664925797292
"125",253,"6/10/2017","SW","Full",2017,NA,NA,NA,"No",NA,0,2,69.6,74.1,NA,69.6,0,"High","High","Low","High",-0.376415945780729,-0.343605907585036,-0.718814467884264,-0.584328062048015
"126",254,"6/11/2017","SW","Waning gibbous",2017,NA,NA,NA,"No",NA,0,2,71.8,76.3,NA,71.8,0,"High","High","Low","High",-0.376415945780729,0.0109695449368492,-0.718814467884264,-0.147775688367444
"127",255,"6/12/2017","WSW","Waning gibbous",2017,NA,NA,NA,"No",NA,0,2,70.5,77.2,NA,70.5,0,"High","High","Low","High",-0.376415945780729,-0.198552313371537,-0.718814467884264,0.0308139190473364
"128",257,"6/14/2017","WSW","Waning gibbous",2017,NA,NA,NA,"No",NA,0,3,73.4,78.8,NA,73.4,0,"Low","Low","High","High",-0.376415945780729,0.268842601316403,-0.422370550729456,0.348306554451387
"129",258,"6/15/2017","W","Last quarter",2017,NA,NA,NA,"No",NA,0.02,1,73,78.8,NA,73,0.02,"Low","High","Low","High",-0.339896480157383,0.204374337221514,-1.01525838503907,0.348306554451387
"130",259,"6/16/2017","WSW","Last quarter",2017,NA,NA,NA,"No",NA,0,2,76.3,78.7,NA,76.3,0,"Low","Low","Low","High",-0.376415945780729,0.736237516004341,-0.718814467884264,0.328463264738635
"131",262,"6/19/2017","SW","Waning crescent",2017,NA,NA,NA,"No",NA,0.24,5,76.6,79.6,NA,76.6,0.24,"Low","Low","High","High",0.0618176416994317,0.784588714075507,0.170517283580159,0.507052872153412
"132",263,"6/20/2017","WSW","Waning crescent",2017,NA,NA,NA,"No",NA,0.17,3,75.6,77.2,NA,75.6,0.17,"High","Low","High","High",-0.0660004879822819,0.623418053838286,-0.422370550729456,0.0308139190473364
"133",265,"6/22/2017","WSW","New",2017,NA,NA,NA,"No",NA,0.01,2,77,81,NA,77,0.01,"Low","Low","Low","High",-0.358156212969056,0.849056978170396,-0.718814467884264,0.784858928131958
"134",266,"6/23/2017","WSW","New",2017,NA,NA,NA,"No",NA,0,5,77.4,80.6,NA,77.4,0,"Low","Low","High","High",-0.376415945780729,0.913525242265285,0.170517283580159,0.705485769280944
"135",269,"6/26/2017","NNE","Waxing crescent",2017,NA,NA,NA,"No",NA,0,1,67.2,74.6,NA,67.2,0,"High","High","Low","High",-0.376415945780729,-0.730415492154364,-1.01525838503907,-0.485111613484249
"1361",270,"6/27/2017","WSW","Waxing crescent",2017,NA,NA,NA,"No",NA,0,0,68.5,75.3,NA,68.5,0,"High","High","Low","High",-0.376415945780729,-0.520893633845978,-1.31170230219388,-0.346208585494976
"137",273,"6/30/2017","SSW","First quarter",2017,NA,NA,NA,"No",NA,0.36,2,73.6,80.3,NA,73.6,0.36,"Low","Low","Low","High",0.280934435439512,0.301076733363845,-0.718814467884264,0.645955900142685
"138",274,"7/1/2017","WSW","First quarter",2017,NA,NA,NA,"No",NA,0.58,4,76.5,79.4,NA,76.5,0.58,"Low","Low","High","Low",0.682648557296326,0.768471648051785,-0.125926633574649,0.467366292727908
"139",275,"7/2/2017","WSW","First quarter",2017,NA,NA,NA,"No",NA,0,4,78,82.1,NA,78,0,"Low","Low","High","High",-0.376415945780729,1.01022763840762,-0.125926633574649,1.00313511497224
"140",277,"7/4/2017","SW","Waxing gibbous",2017,NA,NA,NA,"No",NA,0.13,1,76.4,80.3,NA,76.4,0.13,"Low","Low","Low","High",-0.139039419228975,0.752354582028064,-1.01525838503907,0.645955900142685
"141",279,"7/6/2017","WSW","Waxing gibbous",2017,NA,NA,NA,"No",NA,0,3,78.4,83.7,NA,78.4,0,"Low","Low","High","High",-0.376415945780729,1.07469590250251,-0.422370550729456,1.32062775037629
"142",280,"7/7/2017","WSW","Full",2017,NA,NA,NA,"No",NA,0.29,6,78,79.9,NA,78,0.29,"Low","Low","High","High",0.153116305757799,1.01022763840762,0.466961200734967,0.566582741291674
"143",284,"7/11/2017","SW","Waning gibbous",2017,NA,NA,NA,"No",NA,0,3,77.8,81.7,NA,77.8,0,"Low","Low","High","High",-0.376415945780729,0.977993506360171,-0.422370550729456,0.923761956121231
"144",285,"7/12/2017","SW","Waning gibbous",2017,NA,NA,NA,"No",NA,0,4,78.7,82.2,NA,78.7,0,"Low","Low","High","High",-0.376415945780729,1.12304710057367,-0.125926633574649,1.022978404685
"145",288,"7/15/2017","WSW","Last quarter",2017,NA,NA,NA,"No",NA,0.13,4,77.2,80.8,NA,77.2,0.13,"Low","Low","High","High",-0.139039419228975,0.88129111021784,-0.125926633574649,0.745172348706451
"146",289,"7/16/2017","WSW","Last quarter",2017,NA,NA,NA,"No",NA,0.28,1,75,78.4,NA,75,0.28,"High","Low","Low","High",0.134856572946125,0.526715657695955,-1.01525838503907,0.268933395600375
"147",290,"7/17/2017","S","Last quarter",2017,NA,NA,NA,"No",NA,0,0,67,75.9,NA,67,0,"High","High","Low","High",-0.376415945780729,-0.762649624201808,-1.31170230219388,-0.227148847218455
"148",291,"7/18/2017","S","Waning crescent",2017,NA,NA,NA,"No",NA,NA,7.4,NA,78,NA,72.6,0.01,"High","High","High","High",-0.358156212969056,0.139906073126625,0.881982684751697,0.189560236749362
"149",292,"7/19/2017","SSW","Waning crescent",2017,NA,NA,NA,"No",NA,NA,7.4,NA,82.5,NA,76,0.29,"Low","Low","High","High",0.153116305757799,0.687886317933175,0.881982684751697,1.08250827382326
"150",294,"7/21/2017","S","Waning crescent",2017,NA,NA,NA,"No",NA,NA,11.8,NA,88,NA,79,0,"Low","Low","Medium","High",-0.376415945780729,1.17139829864484,2.18633592023285,2.17388920802468
"151",295,"7/22/2017","WSW","New",2017,NA,NA,NA,"No",NA,NA,14.2,NA,90.5,NA,79.5,0,"Low","Low","Medium","High",-0.376415945780729,1.25198362876345,2.89780132140439,2.66997145084351
"152",296,"7/23/2017","W","New",2017,NA,NA,NA,"No",NA,NA,13.05,NA,83,NA,74,0.04,"Low","Low","Medium","High",-0.303377014534036,0.365544997458734,2.55689081667636,1.18172472238702
"153",297,"7/24/2017","W","New",2017,NA,NA,NA,"No",NA,NA,11.8,NA,86,NA,79.5,0.01,"Low","Low","Medium","High",-0.358156212969056,1.25198362876345,2.18633592023285,1.77702341376962
"154",298,"7/25/2017","NE","New",2017,NA,NA,NA,"No",NA,NA,12.4,NA,80,NA,76.7,1.83,"Low","Low","Medium","Medium",2.9651151587555,0.80070578009923,2.36420227052574,0.586426031004426
"155",299,"7/26/2017","ENE","Waxing crescent",2017,NA,NA,NA,"No",NA,NA,11.8,NA,79,NA,72.6,0.03,"Low","High","Medium","High",-0.321636747345709,0.139906073126625,2.18633592023285,0.387993133876894
"156",300,"7/27/2017","S","Waxing crescent",2017,NA,NA,NA,"No",NA,NA,10.56,NA,82.5,NA,78,0,"Low","Low","Medium","High",-0.376415945780729,1.01022763840762,1.81874546296089,1.08250827382326
"157",301,"7/28/2017","SSE","Waxing crescent",2017,NA,NA,NA,"No",NA,NA,6.2,NA,77,NA,70.4,0.02,"High","High","High","High",-0.339896480157383,-0.214669379395258,0.526249984165928,-0.00887266037817056
"158",304,"7/30/2017","NNE","First quarter",2017,NA,NA,NA,"No",NA,NA,19.8,NA,74,NA,57.3,0.12,"High","Medium","Medium","High",-0.157299152040649,-2.32600502850285,4.55788725747131,-0.604171351760767
"159",305,"7/31/2017","NE","First quarter",2017,NA,NA,NA,"No",NA,NA,13.05,NA,76,NA,73.9,0,"High","Low","Medium","High",-0.376415945780729,0.349427931435013,2.55689081667636,-0.207305557505703
"160",308,"8/3/2017","SSW","Waxing gibbous",2017,NA,NA,NA,"No",NA,NA,8.078,NA,81.5,NA,75.6,0,"Low","Low","Medium","High",-0.376415945780729,0.623418053838286,1.08297166058266,0.884075376695724
"161",313,"8/11/2017","SSE","Waning gibbous",2017,NA,NA,NA,"No",NA,NA,6.214,NA,78,NA,70.5,0.03,"High","High","High","High",-0.321636747345709,-0.198552313371537,0.530400199006096,0.189560236749362
"162",315,"8/13/2017","ENE","Last quarter",2017,NA,NA,NA,"No",NA,NA,8.7,NA,79,NA,74.6,0,"Low","Low","Medium","High",-0.376415945780729,0.462247393601066,1.26735977705295,0.387993133876894
"163",316,"8/14/2017","S","Last quarter",2017,NA,NA,NA,"No",NA,NA,8,NA,81.5,NA,75.6,0,"Low","Low","Medium","High",-0.376415945780729,0.623418053838286,1.05984903504458,0.884075376695724
"164",317,"8/15/2017","SSW","Last quarter",2017,NA,NA,NA,"No",NA,NA,7.45,NA,84,NA,78.4,0,"Low","Low","High","High",-0.376415945780729,1.07469590250251,0.896804880609438,1.38015761951455
"165",319,"8/17/2017","ESE","Waning crescent",2017,NA,NA,NA,"No",NA,NA,7.4,NA,83,NA,77.3,0,"Low","Low","High","High",-0.376415945780729,0.897408176241561,0.881982684751697,1.18172472238702
"166",322,"8/20/2017","N","New",2017,NA,NA,NA,"No",NA,NA,8.8,NA,83,NA,76,0.53,"Low","Low","Medium","Low",0.59134989323796,0.687886317933175,1.29700416876843,1.18172472238702
"167",323,"8/21/2017","ESE","New",2017,NA,NA,NA,"No",NA,NA,6.2,NA,83.5,NA,78.4,0.62,"Low","Low","High","Low",0.75568748854302,1.07469590250251,0.526249984165928,1.28094117095079
"168",327,"8/25/2017","E","Waxing crescent",2017,NA,NA,NA,"No",NA,0,2,70.5,79.8,NA,70.5,0,"Low","High","Low","High",-0.376415945780729,-0.198552313371537,-0.718814467884264,0.546739451578919
"169",328,"8/26/2017","E","Waxing crescent",2017,NA,NA,NA,"No",NA,0,3,70.8,79.8,NA,70.8,0,"Low","High","High","High",-0.376415945780729,-0.150201115300371,-0.422370550729456,0.546739451578919
"170",329,"8/27/2017","NE","Waxing crescent",2017,NA,NA,NA,"No",NA,0,6,67.8,76.9,NA,67.8,0,"High","High","High","High",-0.376415945780729,-0.633713096012032,0.466961200734967,-0.0287159500909226
"171",331,"8/29/2017","NNW","First quarter",2017,NA,NA,NA,"No",NA,3.83,5,73.6,76.2,NA,73.6,3.83,"High","Low","High","Medium",6.61706172109017,0.301076733363845,0.170517283580159,-0.167618978080196
"172",333,"8/31/2017","WSW","Waxing gibbous",2017,NA,NA,NA,"No",NA,0,3,71.8,75.1,NA,71.8,0,"High","High","High","High",-0.376415945780729,0.0109695449368492,-0.422370550729456,-0.385895164920483
"173",334,"9/1/2017","NNW","Waxing gibbous",2017,NA,NA,NA,"No",NA,1.12,3,73.9,76.8,NA,73.9,1.12,"High","Low","High","Low",1.66867412912669,0.349427931435013,-0.422370550729456,-0.0485592398036775
"174",335,"9/2/2017","S","Waxing gibbous",2017,NA,NA,NA,"No",NA,3.9,3,73.6,76.4,NA,73.6,3.9,"High","Low","High","Medium",6.74487985077189,0.301076733363845,-0.422370550729456,-0.127932398654689
"175",336,"9/3/2017","W","Waxing gibbous",2017,NA,NA,NA,"No",NA,0.32,3,71.2,76.8,NA,71.2,0.32,"High","High","High","High",0.207895504192819,-0.0857328512054821,-0.422370550729456,-0.0485592398036775
"176",337,"9/4/2017","SW","Full",2017,NA,NA,NA,"No",NA,0,2,66,74.1,NA,66,0,"High","High","Low","High",-0.376415945780729,-0.923820284439029,-0.718814467884264,-0.584328062048015
"177",338,"9/5/2017","SW","Full",2017,NA,NA,NA,"No",NA,0,4,72.4,79.2,NA,72.4,0,"Low","High","High","High",-0.376415945780729,0.107671941079183,-0.125926633574649,0.427679713302401
"178",339,"9/6/2017","S","Full",2017,NA,NA,NA,"No",NA,1.1,5,73.2,76.7,NA,73.2,1.1,"High","Low","High","Low",1.63215466350334,0.236608469268959,0.170517283580159,-0.0684025295164296
"179",342,"9/9/2017","NE","Waning gibbous",2017,NA,NA,NA,"No",NA,0,4,57.6,72.5,NA,57.6,0,"High","Medium","High","High",-0.376415945780729,-2.27765383043168,-0.125926633574649,-0.901820697452065
"180",343,"9/10/2017","NE","Waning gibbous",2017,NA,NA,NA,"No",NA,0,5,57.8,71.1,NA,57.8,0,"High","Medium","High","High",-0.376415945780729,-2.24541969838424,0.170517283580159,-1.17962675343061
"181",344,"9/11/2017","E","Waning gibbous",2017,NA,NA,NA,"No",NA,0,5,63.6,75.7,NA,63.6,0,"High","Medium","High","High",-0.376415945780729,-1.31062986900836,0.170517283580159,-0.266835426643962
"182",345,"9/12/2017","SE","Last quarter",2017,NA,NA,NA,"No",NA,0,5,70.5,78.1,NA,70.5,0,"High","High","High","High",-0.376415945780729,-0.198552313371537,0.170517283580159,0.209403526462114
"183",349,"9/16/2017","N","Waning crescent",2017,NA,NA,NA,"No",NA,0.01,2,73.2,75.6,NA,73.2,0.01,"High","Low","Low","High",-0.358156212969056,0.236608469268959,-0.718814467884264,-0.286678716356717
"184",350,"9/17/2017","NNE","Waning crescent",2017,NA,NA,NA,"No",NA,0.02,2,74.5,76.9,NA,74.5,0.02,"High","Low","Low","High",-0.339896480157383,0.446130327577345,-0.718814467884264,-0.0287159500909226
"185",351,"9/18/2017","NNE","Waning crescent",2017,NA,NA,NA,"No",NA,0,4,73,75.6,NA,73,0,"High","High","High","High",-0.376415945780729,0.204374337221514,-0.125926633574649,-0.286678716356717
"186",353,"9/20/2017","SW","New",2017,NA,NA,NA,"No",NA,0,0,73.3,75.8,NA,73.3,0,"High","Low","Low","High",-0.376415945780729,0.25272553529268,-1.31170230219388,-0.24699213693121
"1871",354,"9/21/2017","N","New",2017,NA,NA,NA,"No",NA,0,1,70.4,76.6,NA,70.4,0,"High","High","Low","High",-0.376415945780729,-0.214669379395258,-1.01525838503907,-0.0882458192291845
"188",355,"9/22/2017","WNW","New",2017,NA,NA,NA,"No",NA,0.01,1,69.8,75.2,NA,69.8,0.01,"High","High","Low","High",-0.358156212969056,-0.311371775537592,-1.01525838503907,-0.366051875207728
"189",356,"9/23/2017","NNE","Waxing crescent",2017,NA,NA,NA,"No",NA,0,1,69.1,75.5,NA,69.1,0,"High","High","Low","High",-0.376415945780729,-0.424191237703646,-1.01525838503907,-0.306522006069469
"190",359,"9/26/2017","NNE","First quarter",2017,NA,NA,NA,"No",NA,0.11,12,74.3,77.4,NA,74.3,0.11,"High","Low","Medium","High",-0.175558884852322,0.4138961955299,2.24562470366381,0.0705004984728434
"191",360,"9/27/2017","N","First quarter",2017,NA,NA,NA,"No",NA,0.06,14,73.9,77.3,NA,73.9,0.06,"High","Low","Medium","High",-0.266857548910689,0.349427931435013,2.83851253797343,0.0506572087600885
"192",362,"9/29/2017","NE","First quarter",2017,NA,NA,NA,"No",NA,0.01,3,60.5,69.5,NA,60.5,0.01,"Medium","Medium","High","High",-0.358156212969056,-1.81025891574374,-0.422370550729456,-1.49711938883466
"193",363,"9/30/2017","NNE","Waxing gibbous",2017,NA,NA,NA,"No",NA,0.01,4,59.5,69.6,NA,59.5,0.01,"Medium","Medium","High","High",-0.358156212969056,-1.97142957598096,-0.125926633574649,-1.47727609912191
"194",364,"5/1/2018","WSW","Full",2018,NA,NA,NA,"No",NA,0,5,55.6,67.8,NA,55.6,0,"Medium","Medium","High","High",-0.376415945780729,-2.59999515090612,0.170517283580159,-1.83445531395147
"195",365,"5/2/2018","WSW","Waning gibbous",2018,NA,NA,NA,"No",NA,0,5,59.3,70.1,NA,59.3,0,"Medium","Medium","High","High",-0.376415945780729,-2.00366370802841,0.170517283580159,-1.37805965055814
"196",366,"5/3/2018","SW","Waning gibbous",2018,NA,NA,NA,"No",NA,0,6,63,68.7,NA,63,0,"Medium","Medium","High","High",-0.376415945780729,-1.40733226515069,0.466961200734967,-1.65586570653669
"197",367,"5/4/2018","SW","Waning gibbous",2018,NA,NA,NA,"No",NA,0,6,63.6,70.1,NA,63.6,0,"Medium","Medium","High","High",-0.376415945780729,-1.31062986900836,0.466961200734967,-1.37805965055814
"198",368,"5/5/2018","SW","Waning gibbous",2018,NA,NA,NA,"No",NA,0.55,4,65.1,72.1,NA,65.1,0.55,"High","High","High","Low",0.627869358861306,-1.06887387865253,-0.125926633574649,-0.981193856303079
"199",370,"5/7/2018","NNE","Last quarter",2018,NA,NA,NA,"No",NA,0.01,4,63.2,64.2,NA,63.2,0.01,"Medium","Medium","High","High",-0.358156212969056,-1.37509813310325,-0.125926633574649,-2.54881374361058
"200",371,"5/8/2018","NNE","Last quarter",2018,NA,NA,NA,"No",NA,0,7,58.8,60.3,NA,58.8,0,"Medium","Medium","High","High",-0.376415945780729,-2.08424903814702,0.763405117889774,-3.32270204240796
"201",378,"5/15/2018","SW","New",2018,NA,NA,NA,"No",NA,0,4,72.2,74.8,NA,72.2,0,"High","High","High","High",-0.376415945780729,0.0754378090317383,-0.125926633574649,-0.445425034058742
"202",379,"5/16/2018","SSW","New",2018,NA,NA,NA,"No",NA,0.29,4,71.9,74.6,NA,71.9,0.29,"High","High","High","High",0.153116305757799,0.0270866109605726,-0.125926633574649,-0.485111613484249
"203",380,"5/17/2018","SSW","Waxing crescent",2018,NA,NA,NA,"No",NA,0.29,4,71.1,72.5,NA,71.1,0.29,"High","High","High","High",0.153116305757799,-0.101849917229206,-0.125926633574649,-0.901820697452065
"204",383,"5/20/2018","SW","Waxing crescent",2018,NA,NA,NA,"No",NA,0.02,6,72.1,76.3,NA,72.1,0.02,"High","High","High","High",-0.339896480157383,0.0593207430080148,0.466961200734967,-0.147775688367444
"205",385,"5/22/2018","SW","First quarter",2018,NA,NA,NA,"No",NA,0,4,72.7,76.1,NA,72.7,0,"High","High","High","High",-0.376415945780729,0.156023139150348,-0.125926633574649,-0.187462267792951
"206",386,"5/23/2018","WSW","First quarter",2018,NA,NA,NA,"No",NA,0.81,7,72,73.4,NA,72,0.81,"High","High","High","Low",1.10262241196481,0.0432036769842937,0.763405117889774,-0.723231090037285
"207",390,"5/27/2018","SW","Waxing gibbous",2018,NA,NA,NA,"No",NA,0,4,74.2,77.6,NA,74.2,0,"High","Low","High","High",-0.376415945780729,0.397779129506179,-0.125926633574649,0.110187077898348
"208",391,"5/28/2018","S","Full",2018,NA,NA,NA,"No",NA,2.05,2,73.4,75.4,NA,73.4,2.05,"High","Low","Low","Medium",3.36682928061231,0.268842601316403,-0.718814467884264,-0.326365295782221
"209",392,"5/29/2018","WSW","Full",2018,NA,NA,NA,"No",NA,0.74,1,74.9,76.9,NA,74.9,0.74,"High","Low","Low","Low",0.974804282283101,0.510598591672234,-1.01525838503907,-0.0287159500909226
"210",393,"5/30/2018","SSW","Full",2018,NA,NA,NA,"No",NA,0.09,1,75.5,77.7,NA,75.5,0.09,"High","Low","Low","High",-0.212078350475669,0.607300987814565,-1.01525838503907,0.130030367611102
"211",394,"5/31/2018","SW","Full",2018,NA,NA,NA,"No",NA,0,3,75.6,78.8,NA,75.6,0,"Low","Low","High","High",-0.376415945780729,0.623418053838286,-0.422370550729456,0.348306554451387
"212",397,"6/3/2018","SW","Waning gibbous",2018,NA,NA,NA,"No",NA,0.49,3,73.2,75.9,NA,73.2,0.49,"High","Low","High","Low",0.518310961991266,0.236608469268959,-0.422370550729456,-0.227148847218455
"213",398,"6/4/2018","NNW","Last quarter",2018,NA,NA,NA,"No",NA,0.01,3,67.6,73.1,NA,67.6,0.01,"High","High","High","High",-0.358156212969056,-0.665947228059477,-0.422370550729456,-0.782760959175547
"214",399,"6/5/2018","WSW","Last quarter",2018,NA,NA,NA,"No",NA,0,2,68.7,74.2,NA,68.7,0,"High","High","Low","High",-0.376415945780729,-0.488659501798533,-0.718814467884264,-0.56448477233526
"215",400,"6/6/2018","SW","Last quarter",2018,NA,NA,NA,"No",NA,0.03,2,67.9,75.8,NA,67.9,0.03,"High","High","Low","High",-0.321636747345709,-0.617596029988309,-0.718814467884264,-0.24699213693121
"216",402,"6/8/2018","SE","Waning crescent",2018,NA,NA,NA,"No",NA,0,2,71,76.5,NA,71,0,"High","High","Low","High",-0.376415945780729,-0.117966983252927,-0.718814467884264,-0.108089108941937
"217",404,"6/10/2018","S","Waning crescent",2018,NA,NA,NA,"No",NA,0,1,74,78.7,NA,74,0,"Low","Low","Low","High",-0.376415945780729,0.365544997458734,-1.01525838503907,0.328463264738635
"218",405,"6/11/2018","NNW","Waning crescent",2018,NA,NA,NA,"No",NA,0.69,2,72.7,75.9,NA,72.7,0.69,"High","High","Low","Low",0.883505618224734,0.156023139150348,-0.718814467884264,-0.227148847218455
"219",406,"6/12/2018","ESE","New",2018,NA,NA,NA,"No",NA,0.02,4,71.9,74.1,NA,71.9,0.02,"High","High","High","High",-0.339896480157383,0.0270866109605726,-0.125926633574649,-0.584328062048015
"220",407,"6/13/2018","SW","New",2018,NA,NA,NA,"No",NA,0.01,4,74.2,77.2,NA,74.2,0.01,"High","Low","High","High",-0.358156212969056,0.397779129506179,-0.125926633574649,0.0308139190473364
"221",408,"6/14/2018","WSW","New",2018,NA,NA,NA,"No",NA,0,3,75.7,80,NA,75.7,0,"Low","Low","High","High",-0.376415945780729,0.63953511986201,-0.422370550729456,0.586426031004426
"222",409,"6/15/2018","NE","Waxing crescent",2018,NA,NA,NA,"No",NA,0,1,67.2,75.9,NA,67.2,0,"High","High","Low","High",-0.376415945780729,-0.730415492154364,-1.01525838503907,-0.227148847218455
"223",410,"6/16/2018","E","Waxing crescent",2018,NA,NA,NA,"No",NA,0,1,64.9,73.2,NA,64.9,0,"High","High","Low","High",-0.376415945780729,-1.10110801069997,-1.01525838503907,-0.762917669462792
"224",413,"6/19/2018","WSW","First quarter",2018,NA,NA,NA,"No",NA,0,3,78.8,85.4,NA,78.8,0,"Low","Low","High","High",-0.376415945780729,1.13916416659739,-0.422370550729456,1.6579636754931
"225",416,"6/22/2018","SSW","First quarter",2018,NA,NA,NA,"No",NA,0.29,4,78.1,80.2,NA,78.1,0.29,"Low","Low","High","High",0.153116305757799,1.02634470443134,-0.125926633574649,0.626112610429933
"226",417,"6/23/2018","SW","Waxing gibbous",2018,NA,NA,NA,"No",NA,0,6,79.9,83.2,NA,79.9,0,"Low","Low","High","High",-0.376415945780729,1.31645189285834,0.466961200734967,1.22141130181253
"227",418,"6/24/2018","SW","Waxing gibbous",2018,NA,NA,NA,"No",NA,0.03,6,78.1,81.4,NA,78.1,0.03,"Low","Low","High","High",-0.321636747345709,1.02634470443134,0.466961200734967,0.864232086982972
"228",419,"6/25/2018","WNW","Waxing gibbous",2018,NA,NA,NA,"No",NA,0.01,2,75.3,79.8,NA,75.3,0.01,"Low","Low","Low","High",-0.358156212969056,0.57506685576712,-0.718814467884264,0.546739451578919
"229",420,"6/26/2018","E","Full",2018,NA,NA,NA,"No",NA,0.01,2,72.1,78,NA,72.1,0.01,"High","High","Low","High",-0.358156212969056,0.0593207430080148,-0.718814467884264,0.189560236749362
"230",421,"6/27/2018","ESE","Full",2018,NA,NA,NA,"No",NA,0.74,2,74.6,78.3,NA,74.6,0.74,"High","Low","Low","Low",0.974804282283101,0.462247393601066,-0.718814467884264,0.249090105887621
"231",422,"6/28/2018","SW","Full",2018,NA,NA,NA,"No",NA,0.01,5,76.3,79.4,NA,76.3,0.01,"Low","Low","High","High",-0.358156212969056,0.736237516004341,0.170517283580159,0.467366292727908
"232",424,"6/30/2018","SE","Waning gibbous",2018,NA,NA,NA,"No",NA,0,1,74.6,79.8,NA,74.6,0,"Low","Low","Low","High",-0.376415945780729,0.462247393601066,-1.01525838503907,0.546739451578919
"233",425,"7/1/2018","SE","Waning gibbous",2018,NA,NA,NA,"No",NA,0,1,76.4,80.4,NA,76.4,0,"Low","Low","Low","High",-0.376415945780729,0.752354582028064,-1.01525838503907,0.66579918985544
"234",426,"7/2/2018","E","Waning gibbous",2018,NA,NA,NA,"No",NA,0.01,0,76.7,80.6,NA,76.7,0.01,"Low","Low","Low","High",-0.358156212969056,0.80070578009923,-1.31170230219388,0.705485769280944
"235",427,"7/3/2018","E","Waning gibbous",2018,NA,NA,NA,"No",NA,0,1,75.6,81.1,NA,75.6,0,"Low","Low","Low","High",-0.376415945780729,0.623418053838286,-1.01525838503907,0.80470221784471
"236",428,"7/4/2018","ESE","Last quarter",2018,NA,NA,NA,"No",NA,0,1,76.8,82.6,NA,76.8,0,"Low","Low","Low","High",-0.376415945780729,0.816822846122951,-1.01525838503907,1.10235156353601
"237",430,"7/6/2018","SE","Last quarter",2018,NA,NA,NA,"No",NA,0,1,75.7,80.4,NA,75.7,0,"Low","Low","Low","High",-0.376415945780729,0.63953511986201,-1.01525838503907,0.66579918985544
"238",433,"7/9/2018","NNE","Waning crescent",2018,NA,NA,NA,"No",NA,0.04,6,72.6,75.5,NA,72.6,0.04,"High","High","High","High",-0.303377014534036,0.139906073126625,0.466961200734967,-0.306522006069469
"239",435,"7/11/2018","SW","New",2018,NA,NA,NA,"No",NA,0,3,72.6,78.5,NA,72.6,0,"Low","High","High","High",-0.376415945780729,0.139906073126625,-0.422370550729456,0.288776685313128
"240",437,"7/13/2018","NE","New",2018,NA,NA,NA,"No",NA,0.01,2,73.8,77.9,NA,73.8,0.01,"High","Low","Low","High",-0.358156212969056,0.33331086541129,-0.718814467884264,0.169716947036609
"241",439,"7/15/2018","SSW","Waxing crescent",2018,NA,NA,NA,"No",NA,0,1,72,78.3,NA,72,0,"High","High","Low","High",-0.376415945780729,0.0432036769842937,-1.01525838503907,0.249090105887621
"2421",440,"7/16/2018","S","Waxing crescent",2018,NA,NA,NA,"No",NA,0,2,76.2,80.6,NA,76.2,0,"Low","Low","Low","High",-0.376415945780729,0.72012044998062,-0.718814467884264,0.705485769280944
"243",442,"7/18/2018","NNW","Waxing crescent",2018,NA,NA,NA,"No",NA,0,3,75.6,78.6,NA,75.6,0,"Low","Low","High","High",-0.376415945780729,0.623418053838286,-0.422370550729456,0.30861997502588
"244",443,"7/19/2018","ENE","First quarter",2018,NA,NA,NA,"No",NA,0,1,72.9,79.1,NA,72.9,0,"Low","High","Low","High",-0.376415945780729,0.188257271197793,-1.01525838503907,0.407836423589646
"245",444,"7/20/2018","ESE","First quarter",2018,NA,NA,NA,"No",NA,1.64,3,71.6,76.9,NA,71.6,1.64,"High","High","High","Medium",2.6181802353337,-0.0212645871105953,-0.422370550729456,-0.0287159500909226
"246",445,"7/21/2018","S","First quarter",2018,NA,NA,NA,"No",NA,1.99,8,76.1,77.4,NA,76.1,1.99,"High","Low","Medium","Medium",3.25727088374227,0.704003383956896,1.05984903504458,0.0705004984728434
"247",446,"7/22/2018","S","Waxing gibbous",2018,NA,NA,NA,"No",NA,0,6,78.7,81.4,NA,78.7,0,"Low","Low","High","High",-0.376415945780729,1.12304710057367,0.466961200734967,0.864232086982972
"248",447,"7/23/2018","S","Waxing gibbous",2018,NA,NA,NA,"No",NA,1.06,10,76.5,77.8,NA,76.5,1.06,"High","Low","Medium","Low",1.55911573225665,0.768471648051785,1.6527368693542,0.149873657323855
"249",450,"7/26/2018","SW","Full",2018,NA,NA,NA,"No",NA,0.2,3,76.6,78.6,NA,76.6,0.2,"Low","Low","High","High",-0.0112212895472618,0.784588714075507,-0.422370550729456,0.30861997502588
"250",453,"7/29/2018","SSW","Full",2018,NA,NA,NA,"No",NA,0.86,3,75.2,76.9,NA,75.2,0.86,"High","Low","High","Low",1.19392107602318,0.558949789743399,-0.422370550729456,-0.0287159500909226
